file,line,type,commit,author,date,time,timezone,datetime,depth,length
style.css,1,css,f02adf5e,hpucsd,2025-01-10,20:24:15,-08:00,2025-01-10T20:24:15-08:00,0,4
style.css,2,css,87e33538,hpucsd,2025-01-23,14:19:48,-08:00,2025-01-23T14:19:48-08:00,1,43
style.css,3,css,87e33538,hpucsd,2025-01-23,14:19:48,-08:00,2025-01-23T14:19:48-08:00,3,42
style.css,4,css,87e33538,hpucsd,2025-01-23,14:19:48,-08:00,2025-01-23T14:19:48-08:00,2,0
style.css,5,css,87e33538,hpucsd,2025-01-23,14:19:48,-08:00,2025-01-23T14:19:48-08:00,1,23
style.css,6,css,87e33538,hpucsd,2025-01-23,14:19:48,-08:00,2025-01-23T14:19:48-08:00,1,15
style.css,7,css,87e33538,hpucsd,2025-01-23,14:19:48,-08:00,2025-01-23T14:19:48-08:00,1,18
style.css,8,css,87e33538,hpucsd,2025-01-23,14:19:48,-08:00,2025-01-23T14:19:48-08:00,1,12
style.css,9,css,def84c6f,hpucsd,2025-01-17,20:05:18,-08:00,2025-01-17T20:05:18-08:00,0,0
style.css,10,css,def84c6f,hpucsd,2025-01-17,20:05:18,-08:00,2025-01-17T20:05:18-08:00,0,0
style.css,11,css,198a5e69,hpucsd,2025-01-18,23:06:49,-08:00,2025-01-18T23:06:49-08:00,0,6
style.css,12,css,def84c6f,hpucsd,2025-01-17,20:05:18,-08:00,2025-01-17T20:05:18-08:00,0,0
style.css,13,css,def84c6f,hpucsd,2025-01-17,20:05:18,-08:00,2025-01-17T20:05:18-08:00,1,16
style.css,14,css,def84c6f,hpucsd,2025-01-17,20:05:18,-08:00,2025-01-17T20:05:18-08:00,0,0
style.css,15,css,def84c6f,hpucsd,2025-01-17,20:05:18,-08:00,2025-01-17T20:05:18-08:00,0,0
style.css,16,css,198a5e69,hpucsd,2025-01-18,23:06:49,-08:00,2025-01-18T23:06:49-08:00,0,6
style.css,17,css,def84c6f,hpucsd,2025-01-17,20:05:18,-08:00,2025-01-17T20:05:18-08:00,0,0
style.css,18,css,def84c6f,hpucsd,2025-01-17,20:05:18,-08:00,2025-01-17T20:05:18-08:00,1,16
style.css,19,css,c16e4f02,hpucsd,2025-01-18,16:33:46,-08:00,2025-01-18T16:33:46-08:00,0,0
style.css,20,css,c16e4f02,hpucsd,2025-01-18,16:33:46,-08:00,2025-01-18T16:33:46-08:00,0,0
style.css,21,css,c16e4f02,hpucsd,2025-01-18,16:33:46,-08:00,2025-01-18T16:33:46-08:00,0,3
style.css,22,css,c16e4f02,hpucsd,2025-01-18,16:33:46,-08:00,2025-01-18T16:33:46-08:00,0,0
style.css,23,css,c16e4f02,hpucsd,2025-01-18,16:33:46,-08:00,2025-01-18T16:33:46-08:00,1,12
style.css,24,css,c16e4f02,hpucsd,2025-01-18,16:33:46,-08:00,2025-01-18T16:33:46-08:00,1,23
style.css,25,css,334d888f,hpucsd,2025-01-18,17:42:52,-08:00,2025-01-18T17:42:52-08:00,1,25
style.css,26,css,1f69dda0,hpucsd,2025-01-25,18:49:19,-08:00,2025-01-25T18:49:19-08:00,1,44
style.css,27,css,c16e4f02,hpucsd,2025-01-18,16:33:46,-08:00,2025-01-18T16:33:46-08:00,0,0
style.css,28,css,c16e4f02,hpucsd,2025-01-18,16:33:46,-08:00,2025-01-18T16:33:46-08:00,1,1
style.css,29,css,c16e4f02,hpucsd,2025-01-18,16:33:46,-08:00,2025-01-18T16:33:46-08:00,2,0
style.css,30,css,87e33538,hpucsd,2025-01-23,14:19:48,-08:00,2025-01-23T14:19:48-08:00,3,6
style.css,31,css,87e33538,hpucsd,2025-01-23,14:19:48,-08:00,2025-01-23T14:19:48-08:00,3,20
style.css,32,css,87e33538,hpucsd,2025-01-23,14:19:48,-08:00,2025-01-23T14:19:48-08:00,3,13
style.css,33,css,87e33538,hpucsd,2025-01-23,14:19:48,-08:00,2025-01-23T14:19:48-08:00,3,17
style.css,34,css,87e33538,hpucsd,2025-01-23,14:19:48,-08:00,2025-01-23T14:19:48-08:00,3,13
style.css,35,css,c16e4f02,hpucsd,2025-01-18,16:33:46,-08:00,2025-01-18T16:33:46-08:00,0,0
style.css,36,css,2b2c214e,hpucsd,2025-01-18,16:59:01,-08:00,2025-01-18T16:59:01-08:00,1,0
style.css,37,css,34e23566,hpucsd,2025-01-18,16:50:32,-08:00,2025-01-18T16:50:32-08:00,0,0
style.css,38,css,10c896b1,hpucsd,2025-01-25,16:39:16,-08:00,2025-01-25T16:39:16-08:00,1,9
style.css,39,css,10c896b1,hpucsd,2025-01-25,16:39:16,-08:00,2025-01-25T16:39:16-08:00,0,0
style.css,40,css,10c896b1,hpucsd,2025-01-25,16:39:16,-08:00,2025-01-25T16:39:16-08:00,3,23
style.css,41,css,10c896b1,hpucsd,2025-01-25,16:39:16,-08:00,2025-01-25T16:39:16-08:00,3,37
style.css,42,css,10c896b1,hpucsd,2025-01-25,16:39:16,-08:00,2025-01-25T16:39:16-08:00,3,25
style.css,43,css,10c896b1,hpucsd,2025-01-25,16:39:16,-08:00,2025-01-25T16:39:16-08:00,3,16
style.css,44,css,10c896b1,hpucsd,2025-01-25,16:39:16,-08:00,2025-01-25T16:39:16-08:00,1,0
style.css,45,css,10c896b1,hpucsd,2025-01-25,16:39:16,-08:00,2025-01-25T16:39:16-08:00,1,0
style.css,46,css,10c896b1,hpucsd,2025-01-25,16:39:16,-08:00,2025-01-25T16:39:16-08:00,0,0
style.css,47,css,2b2c214e,hpucsd,2025-01-18,16:59:01,-08:00,2025-01-18T16:59:01-08:00,0,0
style.css,48,css,2b2c214e,hpucsd,2025-01-18,16:59:01,-08:00,2025-01-18T16:59:01-08:00,0,0
style.css,49,css,2b2c214e,hpucsd,2025-01-18,16:59:01,-08:00,2025-01-18T16:59:01-08:00,0,4
style.css,50,css,87e33538,hpucsd,2025-01-23,14:19:48,-08:00,2025-01-23T14:19:48-08:00,0,0
style.css,51,css,7afef342,hpucsd,2025-01-18,17:15:44,-08:00,2025-01-18T17:15:44-08:00,1,42
style.css,52,css,8aa3008d,hpucsd,2025-01-18,17:01:53,-08:00,2025-01-18T17:01:53-08:00,1,32
style.css,53,css,d559ad4b,hpucsd,2025-01-25,23:05:26,-08:00,2025-01-25T23:05:26-08:00,1,22
style.css,54,css,2b2c214e,hpucsd,2025-01-18,16:59:01,-08:00,2025-01-18T16:59:01-08:00,0,0
style.css,55,css,10c896b1,hpucsd,2025-01-25,16:39:16,-08:00,2025-01-25T16:39:16-08:00,0,0
style.css,56,css,334d888f,hpucsd,2025-01-18,17:42:52,-08:00,2025-01-18T17:42:52-08:00,0,0
style.css,57,css,334d888f,hpucsd,2025-01-18,17:42:52,-08:00,2025-01-18T17:42:52-08:00,0,11
style.css,58,css,334d888f,hpucsd,2025-01-18,17:42:52,-08:00,2025-01-18T17:42:52-08:00,0,0
style.css,59,css,1f69dda0,hpucsd,2025-01-25,18:49:19,-08:00,2025-01-25T18:49:19-08:00,1,42
style.css,60,css,ba2052b3,hpucsd,2025-01-18,17:58:32,-08:00,2025-01-18T17:58:32-08:00,1,23
style.css,61,css,334d888f,hpucsd,2025-01-18,17:42:52,-08:00,2025-01-18T17:42:52-08:00,1,39
style.css,62,css,334d888f,hpucsd,2025-01-18,17:42:52,-08:00,2025-01-18T17:42:52-08:00,1,25
style.css,63,css,be6e1594,hpucsd,2025-01-25,18:28:09,-08:00,2025-01-25T18:28:09-08:00,1,69
style.css,64,css,334d888f,hpucsd,2025-01-18,17:42:52,-08:00,2025-01-18T17:42:52-08:00,1,16
style.css,65,css,87e33538,hpucsd,2025-01-23,14:19:48,-08:00,2025-01-23T14:19:48-08:00,0,0
style.css,66,css,10c896b1,hpucsd,2025-01-25,16:39:16,-08:00,2025-01-25T16:39:16-08:00,0,0
style.css,67,css,10c896b1,hpucsd,2025-01-25,16:39:16,-08:00,2025-01-25T16:39:16-08:00,0,0
style.css,68,css,fbc2cb07,hpucsd,2025-01-25,22:25:52,-08:00,2025-01-25T22:25:52-08:00,0,13
style.css,69,css,fbc2cb07,hpucsd,2025-01-25,22:25:52,-08:00,2025-01-25T22:25:52-08:00,1,17
style.css,70,css,fbc2cb07,hpucsd,2025-01-25,22:25:52,-08:00,2025-01-25T22:25:52-08:00,1,8
style.css,71,css,fbc2cb07,hpucsd,2025-01-25,22:25:52,-08:00,2025-01-25T22:25:52-08:00,1,10
style.css,72,css,fbc2cb07,hpucsd,2025-01-25,22:25:52,-08:00,2025-01-25T22:25:52-08:00,1,16
style.css,73,css,de5619e5,hpucsd,2025-02-01,22:00:31,-08:00,2025-02-01T22:00:31-08:00,0,0
style.css,74,css,01d6f7c6,hpucsd,2025-02-01,22:09:03,-08:00,2025-02-01T22:09:03-08:00,0,0
style.css,75,css,01d6f7c6,hpucsd,2025-02-01,22:09:03,-08:00,2025-02-01T22:09:03-08:00,0,13
style.css,76,css,bd27d0ce,hpucsd,2025-02-01,23:25:01,-08:00,2025-02-01T23:25:01-08:00,1,11
style.css,77,css,01d6f7c6,hpucsd,2025-02-01,22:09:03,-08:00,2025-02-01T22:09:03-08:00,0,0
style.css,78,css,c721176f,hpucsd,2025-02-07,23:11:26,-08:00,2025-02-07T23:11:26-08:00,0,0
style.css,79,css,c721176f,hpucsd,2025-02-07,23:11:26,-08:00,2025-02-07T23:11:26-08:00,0,38
style.css,80,css,c721176f,hpucsd,2025-02-07,23:11:26,-08:00,2025-02-07T23:11:26-08:00,0,10
style.css,81,css,c721176f,hpucsd,2025-02-07,23:11:26,-08:00,2025-02-07T23:11:26-08:00,1,12
style.css,82,css,c721176f,hpucsd,2025-02-07,23:11:26,-08:00,2025-02-07T23:11:26-08:00,1,66
style.css,83,css,c721176f,hpucsd,2025-02-07,23:11:26,-08:00,2025-02-07T23:11:26-08:00,1,55
style.css,84,css,c721176f,hpucsd,2025-02-07,23:11:26,-08:00,2025-02-07T23:11:26-08:00,1,12
style.css,85,css,c721176f,hpucsd,2025-02-07,23:11:26,-08:00,2025-02-07T23:11:26-08:00,1,15
style.css,86,css,c721176f,hpucsd,2025-02-07,23:11:26,-08:00,2025-02-07T23:11:26-08:00,1,11
style.css,87,css,c721176f,hpucsd,2025-02-07,23:11:26,-08:00,2025-02-07T23:11:26-08:00,0,0
style.css,88,css,c721176f,hpucsd,2025-02-07,23:11:26,-08:00,2025-02-07T23:11:26-08:00,0,0
style.css,89,css,c721176f,hpucsd,2025-02-07,23:11:26,-08:00,2025-02-07T23:11:26-08:00,0,22
style.css,90,css,c721176f,hpucsd,2025-02-07,23:11:26,-08:00,2025-02-07T23:11:26-08:00,0,7
style.css,91,css,c721176f,hpucsd,2025-02-07,23:11:26,-08:00,2025-02-07T23:11:26-08:00,1,12
style.css,92,css,c721176f,hpucsd,2025-02-07,23:11:26,-08:00,2025-02-07T23:11:26-08:00,1,57
style.css,93,css,c721176f,hpucsd,2025-02-07,23:11:26,-08:00,2025-02-07T23:11:26-08:00,1,8
style.css,94,css,c721176f,hpucsd,2025-02-07,23:11:26,-08:00,2025-02-07T23:11:26-08:00,1,21
style.css,95,css,c721176f,hpucsd,2025-02-07,23:11:26,-08:00,2025-02-07T23:11:26-08:00,1,12
style.css,96,css,c721176f,hpucsd,2025-02-07,23:11:26,-08:00,2025-02-07T23:11:26-08:00,1,17
style.css,97,css,c721176f,hpucsd,2025-02-07,23:11:26,-08:00,2025-02-07T23:11:26-08:00,1,24
style.css,98,css,c721176f,hpucsd,2025-02-07,23:11:26,-08:00,2025-02-07T23:11:26-08:00,0,0
style.css,99,css,c721176f,hpucsd,2025-02-07,23:11:26,-08:00,2025-02-07T23:11:26-08:00,0,0
style.css,100,css,c721176f,hpucsd,2025-02-07,23:11:26,-08:00,2025-02-07T23:11:26-08:00,0,20
style.css,101,css,c721176f,hpucsd,2025-02-07,23:11:26,-08:00,2025-02-07T23:11:26-08:00,0,10
style.css,102,css,c721176f,hpucsd,2025-02-07,23:11:26,-08:00,2025-02-07T23:11:26-08:00,1,12
style.css,103,css,c721176f,hpucsd,2025-02-07,23:11:26,-08:00,2025-02-07T23:11:26-08:00,1,18
style.css,104,css,c721176f,hpucsd,2025-02-07,23:11:26,-08:00,2025-02-07T23:11:26-08:00,1,10
style.css,105,css,c721176f,hpucsd,2025-02-07,23:11:26,-08:00,2025-02-07T23:11:26-08:00,1,14
style.css,106,css,c721176f,hpucsd,2025-02-07,23:11:26,-08:00,2025-02-07T23:11:26-08:00,0,0
style.css,107,css,c721176f,hpucsd,2025-02-07,23:11:26,-08:00,2025-02-07T23:11:26-08:00,0,0
style.css,108,css,c721176f,hpucsd,2025-02-07,23:11:26,-08:00,2025-02-07T23:11:26-08:00,0,28
style.css,109,css,c721176f,hpucsd,2025-02-07,23:11:26,-08:00,2025-02-07T23:11:26-08:00,0,15
style.css,110,css,c721176f,hpucsd,2025-02-07,23:11:26,-08:00,2025-02-07T23:11:26-08:00,1,10
style.css,111,css,c721176f,hpucsd,2025-02-07,23:11:26,-08:00,2025-02-07T23:11:26-08:00,1,11
style.css,112,css,c721176f,hpucsd,2025-02-07,23:11:26,-08:00,2025-02-07T23:11:26-08:00,1,20
style.css,113,css,c721176f,hpucsd,2025-02-07,23:11:26,-08:00,2025-02-07T23:11:26-08:00,1,17
style.css,114,css,c721176f,hpucsd,2025-02-07,23:11:26,-08:00,2025-02-07T23:11:26-08:00,1,23
style.css,115,css,c721176f,hpucsd,2025-02-07,23:11:26,-08:00,2025-02-07T23:11:26-08:00,0,0
style.css,116,css,c721176f,hpucsd,2025-02-07,23:11:26,-08:00,2025-02-07T23:11:26-08:00,0,0
style.css,117,css,c721176f,hpucsd,2025-02-07,23:11:26,-08:00,2025-02-07T23:11:26-08:00,0,35
style.css,118,css,c721176f,hpucsd,2025-02-07,23:11:26,-08:00,2025-02-07T23:11:26-08:00,0,3
style.css,119,css,c721176f,hpucsd,2025-02-07,23:11:26,-08:00,2025-02-07T23:11:26-08:00,1,13
style.css,120,css,c721176f,hpucsd,2025-02-07,23:11:26,-08:00,2025-02-07T23:11:26-08:00,1,11
style.css,121,css,c721176f,hpucsd,2025-02-07,23:11:26,-08:00,2025-02-07T23:11:26-08:00,1,12
style.css,122,css,42aab205,hpucsd,2025-02-07,23:48:37,-08:00,2025-02-07T23:48:37-08:00,0,0
style.css,123,css,42aab205,hpucsd,2025-02-07,23:48:37,-08:00,2025-02-07T23:48:37-08:00,0,0
style.css,124,css,42aab205,hpucsd,2025-02-07,23:48:37,-08:00,2025-02-07T23:48:37-08:00,0,4
style.css,125,css,42aab205,hpucsd,2025-02-07,23:48:37,-08:00,2025-02-07T23:48:37-08:00,1,16
style.css,126,css,42aab205,hpucsd,2025-02-07,23:48:37,-08:00,2025-02-07T23:48:37-08:00,0,0
style.css,127,css,42aab205,hpucsd,2025-02-07,23:48:37,-08:00,2025-02-07T23:48:37-08:00,0,0
style.css,128,css,42aab205,hpucsd,2025-02-07,23:48:37,-08:00,2025-02-07T23:48:37-08:00,0,14
style.css,129,css,42aab205,hpucsd,2025-02-07,23:48:37,-08:00,2025-02-07T23:48:37-08:00,1,20
style.css,130,css,42aab205,hpucsd,2025-02-07,23:48:37,-08:00,2025-02-07T23:48:37-08:00,0,0
style.css,131,css,42aab205,hpucsd,2025-02-07,23:48:37,-08:00,2025-02-07T23:48:37-08:00,0,0
style.css,132,css,42aab205,hpucsd,2025-02-07,23:48:37,-08:00,2025-02-07T23:48:37-08:00,0,8
style.css,133,css,42aab205,hpucsd,2025-02-07,23:48:37,-08:00,2025-02-07T23:48:37-08:00,1,9
style.css,134,css,42aab205,hpucsd,2025-02-07,23:48:37,-08:00,2025-02-07T23:48:37-08:00,0,0
style.css,135,css,42aab205,hpucsd,2025-02-07,23:48:37,-08:00,2025-02-07T23:48:37-08:00,0,0
style.css,136,css,42aab205,hpucsd,2025-02-07,23:48:37,-08:00,2025-02-07T23:48:37-08:00,0,20
style.css,137,css,42aab205,hpucsd,2025-02-07,23:48:37,-08:00,2025-02-07T23:48:37-08:00,1,11
style.css,138,css,76adda30,hpucsd,2025-02-07,23:57:05,-08:00,2025-02-07T23:57:05-08:00,0,0
style.css,139,css,76adda30,hpucsd,2025-02-07,23:57:05,-08:00,2025-02-07T23:57:05-08:00,0,0
style.css,140,css,76adda30,hpucsd,2025-02-07,23:57:05,-08:00,2025-02-07T23:57:05-08:00,0,9
style.css,141,css,76adda30,hpucsd,2025-02-07,23:57:05,-08:00,2025-02-07T23:57:05-08:00,1,35
style.css,142,css,76adda30,hpucsd,2025-02-07,23:57:05,-08:00,2025-02-07T23:57:05-08:00,0,0
style.css,143,css,76adda30,hpucsd,2025-02-07,23:57:05,-08:00,2025-02-07T23:57:05-08:00,1,10
style.css,144,css,76adda30,hpucsd,2025-02-07,23:57:05,-08:00,2025-02-07T23:57:05-08:00,2,17
style.css,145,css,76adda30,hpucsd,2025-02-07,23:57:05,-08:00,2025-02-07T23:57:05-08:00,1,0
style.css,146,css,c721176f,hpucsd,2025-02-07,23:11:26,-08:00,2025-02-07T23:11:26-08:00,0,0
index.js,1,js,ea339db9,hpucsd,2025-02-01,14:44:33,-08:00,2025-02-01T14:44:33-08:00,0,71
index.js,2,js,79092c78,hpucsd,2025-01-31,18:19:45,-08:00,2025-01-31T18:19:45-08:00,0,0
index.js,3,js,b5898632,hpucsd,2025-02-01,21:30:48,-08:00,2025-02-01T21:30:48-08:00,0,60
index.js,4,js,79092c78,hpucsd,2025-01-31,18:19:45,-08:00,2025-01-31T18:19:45-08:00,0,0
index.js,5,js,79092c78,hpucsd,2025-01-31,18:19:45,-08:00,2025-01-31T18:19:45-08:00,0,0
index.js,6,js,b5898632,hpucsd,2025-02-01,21:30:48,-08:00,2025-02-01T21:30:48-08:00,0,54
index.js,7,js,79092c78,hpucsd,2025-01-31,18:19:45,-08:00,2025-01-31T18:19:45-08:00,0,0
index.js,8,js,b5898632,hpucsd,2025-02-01,21:30:48,-08:00,2025-02-01T21:30:48-08:00,0,42
index.js,9,js,2aa3bfa2,hpucsd,2025-02-01,14:40:14,-08:00,2025-02-01T14:40:14-08:00,0,0
index.js,10,js,b5898632,hpucsd,2025-02-01,21:30:48,-08:00,2025-02-01T21:30:48-08:00,0,54
index.js,11,js,1a0f15bb,hpucsd,2025-01-31,18:59:04,-08:00,2025-01-31T18:59:04-08:00,0,0
index.js,12,js,01d6f7c6,hpucsd,2025-02-01,22:09:03,-08:00,2025-02-01T22:09:03-08:00,0,49
index.js,13,js,1a0f15bb,hpucsd,2025-01-31,18:59:04,-08:00,2025-01-31T18:59:04-08:00,0,0
index.js,14,js,1a0f15bb,hpucsd,2025-01-31,18:59:04,-08:00,2025-01-31T18:59:04-08:00,0,60
index.js,15,js,1a0f15bb,hpucsd,2025-01-31,18:59:04,-08:00,2025-01-31T18:59:04-08:00,0,0
index.js,16,js,1a0f15bb,hpucsd,2025-01-31,18:59:04,-08:00,2025-01-31T18:59:04-08:00,0,17
index.js,17,js,1a0f15bb,hpucsd,2025-01-31,18:59:04,-08:00,2025-01-31T18:59:04-08:00,2,24
index.js,18,js,1a0f15bb,hpucsd,2025-01-31,18:59:04,-08:00,2025-01-31T18:59:04-08:00,5,2
index.js,19,js,1a0f15bb,hpucsd,2025-01-31,18:59:04,-08:00,2025-01-31T18:59:04-08:00,6,55
index.js,20,js,1a0f15bb,hpucsd,2025-01-31,18:59:04,-08:00,2025-01-31T18:59:04-08:00,6,55
index.js,21,js,1a0f15bb,hpucsd,2025-01-31,18:59:04,-08:00,2025-01-31T18:59:04-08:00,6,49
index.js,22,js,1a0f15bb,hpucsd,2025-01-31,18:59:04,-08:00,2025-01-31T18:59:04-08:00,6,49
index.js,23,js,1a0f15bb,hpucsd,2025-01-31,18:59:04,-08:00,2025-01-31T18:59:04-08:00,5,3
index.js,24,js,1a0f15bb,hpucsd,2025-01-31,18:59:04,-08:00,2025-01-31T18:59:04-08:00,3,0
index.js,25,js,1a0f15bb,hpucsd,2025-01-31,18:59:04,-08:00,2025-01-31T18:59:04-08:00,1,0
index.html,1,html,3568c3e0,hpucsd,2025-01-10,13:25:02,-08:00,2025-01-10T13:25:02-08:00,0,13
index.html,2,html,b059c52b,hpucsd,2025-01-24,22:42:32,-08:00,2025-01-24T22:42:32-08:00,0,27
index.html,3,html,3568c3e0,hpucsd,2025-01-10,13:25:02,-08:00,2025-01-10T13:25:02-08:00,0,4
index.html,4,html,3568c3e0,hpucsd,2025-01-10,13:25:02,-08:00,2025-01-10T13:25:02-08:00,2,20
index.html,5,html,3568c3e0,hpucsd,2025-01-10,13:25:02,-08:00,2025-01-10T13:25:02-08:00,2,68
index.html,6,html,3568c3e0,hpucsd,2025-01-10,13:25:02,-08:00,2025-01-10T13:25:02-08:00,2,63
index.html,7,html,f02adf5e,hpucsd,2025-01-10,20:24:15,-08:00,2025-01-10T20:24:15-08:00,2,38
index.html,8,html,244e9e39,hpucsd,2025-01-24,21:43:25,-08:00,2025-01-24T21:43:25-08:00,2,45
index.html,9,html,79092c78,hpucsd,2025-01-31,18:19:45,-08:00,2025-01-31T18:19:45-08:00,2,50
index.html,10,html,3568c3e0,hpucsd,2025-01-10,13:25:02,-08:00,2025-01-10T13:25:02-08:00,0,5
index.html,11,html,3568c3e0,hpucsd,2025-01-10,13:25:02,-08:00,2025-01-10T13:25:02-08:00,0,4
index.html,12,html,32e967dc,hpucsd,2025-01-17,19:26:07,-08:00,2025-01-17T19:26:07-08:00,2,0
index.html,13,html,dd287420,hpucsd,2025-01-24,22:26:39,-08:00,2025-01-24T22:26:39-08:00,2,8
index.html,14,html,fd3b30c5,hpucsd,2025-01-24,20:31:07,-08:00,2025-01-24T20:31:07-08:00,4,62
index.html,15,html,1e026c96,hpucsd,2025-01-18,16:47:02,-08:00,2025-01-18T16:47:02-08:00,4,72
index.html,16,html,1e026c96,hpucsd,2025-01-18,16:47:02,-08:00,2025-01-18T16:47:02-08:00,4,73
index.html,17,html,1e026c96,hpucsd,2025-01-18,16:47:02,-08:00,2025-01-18T16:47:02-08:00,4,69
index.html,18,html,1e026c96,hpucsd,2025-01-18,16:47:02,-08:00,2025-01-18T16:47:02-08:00,4,69
index.html,19,html,dd287420,hpucsd,2025-01-24,22:26:39,-08:00,2025-01-24T22:26:39-08:00,2,8
index.html,20,html,32e967dc,hpucsd,2025-01-17,19:26:07,-08:00,2025-01-17T19:26:07-08:00,2,0
index.html,21,html,3568c3e0,hpucsd,2025-01-10,13:25:02,-08:00,2025-01-10T13:25:02-08:00,2,30
index.html,22,html,3568c3e0,hpucsd,2025-01-10,13:25:02,-08:00,2025-01-10T13:25:02-08:00,0,0
index.html,23,html,c8ea23f8,hpucsd,2025-01-10,23:18:25,-08:00,2025-01-10T23:18:25-08:00,2,69
index.html,24,html,f02adf5e,hpucsd,2025-01-10,20:24:15,-08:00,2025-01-10T20:24:15-08:00,0,0
index.html,25,html,f02adf5e,hpucsd,2025-01-10,20:24:15,-08:00,2025-01-10T20:24:15-08:00,2,116
index.html,26,html,f02adf5e,hpucsd,2025-01-10,20:24:15,-08:00,2025-01-10T20:24:15-08:00,0,0
index.html,27,html,79092c78,hpucsd,2025-01-31,18:19:45,-08:00,2025-01-31T18:19:45-08:00,2,22
index.html,28,html,79092c78,hpucsd,2025-01-31,18:19:45,-08:00,2025-01-31T18:19:45-08:00,0,0
index.html,29,html,79092c78,hpucsd,2025-01-31,18:19:45,-08:00,2025-01-31T18:19:45-08:00,2,20
index.html,30,html,0d8f1f28,hpucsd,2025-02-01,14:33:34,-08:00,2025-02-01T14:33:34-08:00,4,50
index.html,31,html,79092c78,hpucsd,2025-01-31,18:19:45,-08:00,2025-01-31T18:19:45-08:00,2,4
index.html,32,html,79092c78,hpucsd,2025-01-31,18:19:45,-08:00,2025-01-31T18:19:45-08:00,0,0
index.html,33,html,b5898632,hpucsd,2025-02-01,21:30:48,-08:00,2025-02-01T21:30:48-08:00,2,27
index.html,34,html,b5898632,hpucsd,2025-02-01,21:30:48,-08:00,2025-02-01T21:30:48-08:00,2,22
index.html,35,html,b5898632,hpucsd,2025-02-01,21:30:48,-08:00,2025-02-01T21:30:48-08:00,4,53
index.html,36,html,b5898632,hpucsd,2025-02-01,21:30:48,-08:00,2025-02-01T21:30:48-08:00,2,4
index.html,37,html,b5898632,hpucsd,2025-02-01,21:30:48,-08:00,2025-02-01T21:30:48-08:00,0,0
index.html,38,html,3568c3e0,hpucsd,2025-01-10,13:25:02,-08:00,2025-01-10T13:25:02-08:00,0,5
index.html,39,html,3568c3e0,hpucsd,2025-01-10,13:25:02,-08:00,2025-01-10T13:25:02-08:00,0,5
global.js,1,js,87e33538,hpucsd,2025-01-23,14:19:48,-08:00,2025-01-23T14:19:48-08:00,0,25
global.js,2,js,87e33538,hpucsd,2025-01-23,14:19:48,-08:00,2025-01-23T14:19:48-08:00,0,0
global.js,3,js,87e33538,hpucsd,2025-01-23,14:19:48,-08:00,2025-01-23T14:19:48-08:00,0,41
global.js,4,js,87e33538,hpucsd,2025-01-23,14:19:48,-08:00,2025-01-23T14:19:48-08:00,1,52
global.js,5,js,3ace4f8a,hpucsd,2025-01-24,21:52:21,-08:00,2025-01-24T21:52:21-08:00,0,0
global.js,6,js,3ace4f8a,hpucsd,2025-01-24,21:52:21,-08:00,2025-01-24T21:52:21-08:00,0,0
global.js,7,js,9ac50590,hpucsd,2025-01-24,21:59:10,-08:00,2025-01-24T21:59:10-08:00,0,27
global.js,8,js,9ac50590,hpucsd,2025-01-24,21:59:10,-08:00,2025-01-24T21:59:10-08:00,0,0
global.js,9,js,deb37457,hpucsd,2025-01-25,18:18:47,-08:00,2025-01-25T18:18:47-08:00,0,33
global.js,10,js,deb37457,hpucsd,2025-01-25,18:18:47,-08:00,2025-01-25T18:18:47-08:00,0,70
global.js,11,js,deb37457,hpucsd,2025-01-25,18:18:47,-08:00,2025-01-25T18:18:47-08:00,0,3
global.js,12,js,3ace4f8a,hpucsd,2025-01-24,21:52:21,-08:00,2025-01-24T21:52:21-08:00,0,0
global.js,13,js,deb37457,hpucsd,2025-01-25,18:18:47,-08:00,2025-01-25T18:18:47-08:00,0,39
global.js,14,js,9ac50590,hpucsd,2025-01-24,21:59:10,-08:00,2025-01-24T21:59:10-08:00,0,0
global.js,15,js,dd287420,hpucsd,2025-01-24,22:26:39,-08:00,2025-01-24T22:26:39-08:00,0,20
global.js,16,js,dd287420,hpucsd,2025-01-24,22:26:39,-08:00,2025-01-24T22:26:39-08:00,0,0
global.js,17,js,dd287420,hpucsd,2025-01-24,22:26:39,-08:00,2025-01-24T22:26:39-08:00,0,11
global.js,18,js,6d13fa9b,hpucsd,2025-01-24,22:34:04,-08:00,2025-01-24T22:34:04-08:00,1,35
global.js,19,js,acc42ad5,hpucsd,2025-01-24,22:56:36,-08:00,2025-01-24T22:56:36-08:00,1,46
global.js,20,js,6d13fa9b,hpucsd,2025-01-24,22:34:04,-08:00,2025-01-24T22:34:04-08:00,1,47
global.js,21,js,dd287420,hpucsd,2025-01-24,22:26:39,-08:00,2025-01-24T22:26:39-08:00,1,52
global.js,22,js,6d13fa9b,hpucsd,2025-01-24,22:34:04,-08:00,2025-01-24T22:34:04-08:00,1,44
global.js,23,js,1cd471c1,hpucsd,2025-02-14,02:38:06,-08:00,2025-02-14T02:38:06-08:00,1,39
global.js,24,js,dd287420,hpucsd,2025-01-24,22:26:39,-08:00,2025-01-24T22:26:39-08:00,0,0
global.js,25,js,dd287420,hpucsd,2025-01-24,22:26:39,-08:00,2025-01-24T22:26:39-08:00,0,0
global.js,26,js,dd287420,hpucsd,2025-01-24,22:26:39,-08:00,2025-01-24T22:26:39-08:00,0,38
global.js,27,js,dd287420,hpucsd,2025-01-24,22:26:39,-08:00,2025-01-24T22:26:39-08:00,0,25
global.js,28,js,dd287420,hpucsd,2025-01-24,22:26:39,-08:00,2025-01-24T22:26:39-08:00,0,0
global.js,29,js,4063e4be,hpucsd,2025-01-24,23:03:19,-08:00,2025-01-24T23:03:19-08:00,0,70
global.js,30,js,4063e4be,hpucsd,2025-01-24,23:03:19,-08:00,2025-01-24T23:03:19-08:00,0,0
global.js,31,js,4063e4be,hpucsd,2025-01-24,23:03:19,-08:00,2025-01-24T23:03:19-08:00,0,0
global.js,32,js,dd287420,hpucsd,2025-01-24,22:26:39,-08:00,2025-01-24T22:26:39-08:00,0,20
global.js,33,js,4063e4be,hpucsd,2025-01-24,23:03:19,-08:00,2025-01-24T23:03:19-08:00,0,0
global.js,34,js,dd287420,hpucsd,2025-01-24,22:26:39,-08:00,2025-01-24T22:26:39-08:00,1,14
global.js,35,js,dd287420,hpucsd,2025-01-24,22:26:39,-08:00,2025-01-24T22:26:39-08:00,1,18
global.js,36,js,dd287420,hpucsd,2025-01-24,22:26:39,-08:00,2025-01-24T22:26:39-08:00,0,0
global.js,37,js,e7414bbb,hpucsd,2025-01-25,23:18:43,-08:00,2025-01-25T23:18:43-08:00,1,44
global.js,38,js,4063e4be,hpucsd,2025-01-24,23:03:19,-08:00,2025-01-24T23:03:19-08:00,2,16
global.js,39,js,4063e4be,hpucsd,2025-01-24,23:03:19,-08:00,2025-01-24T23:03:19-08:00,1,0
global.js,40,js,dd287420,hpucsd,2025-01-24,22:26:39,-08:00,2025-01-24T22:26:39-08:00,0,0
global.js,41,js,f0ceffd7,hpucsd,2025-01-24,23:10:48,-08:00,2025-01-24T23:10:48-08:00,1,34
global.js,42,js,f0ceffd7,hpucsd,2025-01-24,23:10:48,-08:00,2025-01-24T23:10:48-08:00,1,11
global.js,43,js,f0ceffd7,hpucsd,2025-01-24,23:10:48,-08:00,2025-01-24T23:10:48-08:00,1,20
global.js,44,js,f0ceffd7,hpucsd,2025-01-24,23:10:48,-08:00,2025-01-24T23:10:48-08:00,0,0
global.js,45,js,deb37457,hpucsd,2025-01-25,18:18:47,-08:00,2025-01-25T18:18:47-08:00,1,17
global.js,46,js,deb37457,hpucsd,2025-01-25,18:18:47,-08:00,2025-01-25T18:18:47-08:00,2,8
global.js,47,js,deb37457,hpucsd,2025-01-25,18:18:47,-08:00,2025-01-25T18:18:47-08:00,2,58
global.js,48,js,deb37457,hpucsd,2025-01-25,18:18:47,-08:00,2025-01-25T18:18:47-08:00,1,0
global.js,49,js,61c38be6,hpucsd,2025-01-24,23:08:39,-08:00,2025-01-24T23:08:39-08:00,0,0
global.js,50,js,be6e1594,hpucsd,2025-01-25,18:28:09,-08:00,2025-01-25T18:28:09-08:00,1,29
global.js,51,js,be6e1594,hpucsd,2025-01-25,18:28:09,-08:00,2025-01-25T18:28:09-08:00,2,18
global.js,52,js,be6e1594,hpucsd,2025-01-25,18:28:09,-08:00,2025-01-25T18:28:09-08:00,1,0
global.js,53,js,be6e1594,hpucsd,2025-01-25,18:28:09,-08:00,2025-01-25T18:28:09-08:00,0,0
global.js,54,js,07738a88,hpucsd,2025-01-25,22:28:28,-08:00,2025-01-25T22:28:28-08:00,1,28
global.js,55,js,07738a88,hpucsd,2025-01-25,22:28:28,-08:00,2025-01-25T22:28:28-08:00,1,21
global.js,56,js,07738a88,hpucsd,2025-01-25,22:28:28,-08:00,2025-01-25T22:28:28-08:00,0,0
global.js,57,js,be6e1594,hpucsd,2025-01-25,18:28:09,-08:00,2025-01-25T18:28:09-08:00,1,37
global.js,58,js,db191bc8,hpucsd,2025-01-25,19:04:54,-08:00,2025-01-25T19:04:54-08:00,2,20
global.js,59,js,be6e1594,hpucsd,2025-01-25,18:28:09,-08:00,2025-01-25T18:28:09-08:00,1,0
global.js,60,js,be6e1594,hpucsd,2025-01-25,18:28:09,-08:00,2025-01-25T18:28:09-08:00,0,0
global.js,61,js,10c896b1,hpucsd,2025-01-25,16:39:16,-08:00,2025-01-25T16:39:16-08:00,1,27
global.js,62,js,10c896b1,hpucsd,2025-01-25,16:39:16,-08:00,2025-01-25T16:39:16-08:00,2,18
global.js,63,js,10c896b1,hpucsd,2025-01-25,16:39:16,-08:00,2025-01-25T16:39:16-08:00,1,0
global.js,64,js,10c896b1,hpucsd,2025-01-25,16:39:16,-08:00,2025-01-25T16:39:16-08:00,0,0
global.js,65,js,61c38be6,hpucsd,2025-01-24,23:08:39,-08:00,2025-01-24T23:08:39-08:00,1,12
global.js,66,js,61c38be6,hpucsd,2025-01-24,23:08:39,-08:00,2025-01-24T23:08:39-08:00,0,0
global.js,67,js,fbc2cb07,hpucsd,2025-01-25,22:25:52,-08:00,2025-01-25T22:25:52-08:00,0,0
global.js,68,js,fbc2cb07,hpucsd,2025-01-25,22:25:52,-08:00,2025-01-25T22:25:52-08:00,0,0
global.js,69,js,fbc2cb07,hpucsd,2025-01-25,22:25:52,-08:00,2025-01-25T22:25:52-08:00,0,31
global.js,70,js,fbc2cb07,hpucsd,2025-01-25,22:25:52,-08:00,2025-01-25T22:25:52-08:00,1,11
global.js,71,js,fbc2cb07,hpucsd,2025-01-25,22:25:52,-08:00,2025-01-25T22:25:52-08:00,1,0
global.js,72,js,fbc2cb07,hpucsd,2025-01-25,22:25:52,-08:00,2025-01-25T22:25:52-08:00,1,26
global.js,73,js,fbc2cb07,hpucsd,2025-01-25,22:25:52,-08:00,2025-01-25T22:25:52-08:00,2,4
global.js,74,js,8bea04c4,hpucsd,2025-01-25,23:11:31,-08:00,2025-01-25T23:11:31-08:00,2,24
global.js,75,js,fbc2cb07,hpucsd,2025-01-25,22:25:52,-08:00,2025-01-25T22:25:52-08:00,3,37
global.js,76,js,fbc2cb07,hpucsd,2025-01-25,22:25:52,-08:00,2025-01-25T22:25:52-08:00,3,34
global.js,77,js,fbc2cb07,hpucsd,2025-01-25,22:25:52,-08:00,2025-01-25T22:25:52-08:00,3,32
global.js,78,js,fbc2cb07,hpucsd,2025-01-25,22:25:52,-08:00,2025-01-25T22:25:52-08:00,2,7
global.js,79,js,fbc2cb07,hpucsd,2025-01-25,22:25:52,-08:00,2025-01-25T22:25:52-08:00,1,6
global.js,80,js,fbc2cb07,hpucsd,2025-01-25,22:25:52,-08:00,2025-01-25T22:25:52-08:00,1,0
global.js,81,js,c2e771a7,hpucsd,2025-01-25,23:03:40,-08:00,2025-01-25T23:03:40-08:00,0,0
global.js,82,js,c2e771a7,hpucsd,2025-01-25,23:03:40,-08:00,2025-01-25T23:03:40-08:00,0,0
global.js,83,js,8bea04c4,hpucsd,2025-01-25,23:11:31,-08:00,2025-01-25T23:11:31-08:00,0,60
global.js,84,js,8bea04c4,hpucsd,2025-01-25,23:11:31,-08:00,2025-01-25T23:11:31-08:00,0,0
global.js,85,js,8bea04c4,hpucsd,2025-01-25,23:11:31,-08:00,2025-01-25T23:11:31-08:00,0,56
global.js,86,js,c2e771a7,hpucsd,2025-01-25,23:03:40,-08:00,2025-01-25T23:03:40-08:00,1,57
global.js,87,js,c2e771a7,hpucsd,2025-01-25,23:03:40,-08:00,2025-01-25T23:03:40-08:00,1,77
global.js,88,js,c2e771a7,hpucsd,2025-01-25,23:03:40,-08:00,2025-01-25T23:03:40-08:00,0,0
global.js,89,js,8bea04c4,hpucsd,2025-01-25,23:11:31,-08:00,2025-01-25T23:11:31-08:00,1,44
global.js,90,js,8bea04c4,hpucsd,2025-01-25,23:11:31,-08:00,2025-01-25T23:11:31-08:00,0,1
global.js,91,js,c2e771a7,hpucsd,2025-01-25,23:03:40,-08:00,2025-01-25T23:03:40-08:00,0,0
global.js,92,js,c2e771a7,hpucsd,2025-01-25,23:03:40,-08:00,2025-01-25T23:03:40-08:00,0,48
global.js,93,js,c2e771a7,hpucsd,2025-01-25,23:03:40,-08:00,2025-01-25T23:03:40-08:00,0,21
global.js,94,js,8bea04c4,hpucsd,2025-01-25,23:11:31,-08:00,2025-01-25T23:11:31-08:00,0,0
global.js,95,js,c2e771a7,hpucsd,2025-01-25,23:03:40,-08:00,2025-01-25T23:03:40-08:00,1,31
global.js,96,js,8bea04c4,hpucsd,2025-01-25,23:11:31,-08:00,2025-01-25T23:11:31-08:00,0,0
global.js,97,js,c2e771a7,hpucsd,2025-01-25,23:03:40,-08:00,2025-01-25T23:03:40-08:00,1,37
global.js,98,js,c2e771a7,hpucsd,2025-01-25,23:03:40,-08:00,2025-01-25T23:03:40-08:00,0,6
global.js,99,js,8bea04c4,hpucsd,2025-01-25,23:11:31,-08:00,2025-01-25T23:11:31-08:00,0,0
global.js,100,js,c2e771a7,hpucsd,2025-01-25,23:03:40,-08:00,2025-01-25T23:03:40-08:00,1,21
global.js,101,js,c2e771a7,hpucsd,2025-01-25,23:03:40,-08:00,2025-01-25T23:03:40-08:00,1,27
global.js,102,js,8bea04c4,hpucsd,2025-01-25,23:11:31,-08:00,2025-01-25T23:11:31-08:00,0,0
global.js,103,js,8bea04c4,hpucsd,2025-01-25,23:11:31,-08:00,2025-01-25T23:11:31-08:00,0,0
global.js,104,js,8bea04c4,hpucsd,2025-01-25,23:11:31,-08:00,2025-01-25T23:11:31-08:00,0,36
global.js,105,js,8bea04c4,hpucsd,2025-01-25,23:11:31,-08:00,2025-01-25T23:11:31-08:00,1,70
global.js,106,js,53dedab6,hpucsd,2025-01-31,17:01:25,-08:00,2025-01-31T17:01:25-08:00,0,0
global.js,107,js,53dedab6,hpucsd,2025-01-31,17:01:25,-08:00,2025-01-31T17:01:25-08:00,0,0
global.js,108,js,53dedab6,hpucsd,2025-01-31,17:01:25,-08:00,2025-01-31T17:01:25-08:00,0,0
global.js,109,js,53dedab6,hpucsd,2025-01-31,17:01:25,-08:00,2025-01-31T17:01:25-08:00,0,36
global.js,110,js,53dedab6,hpucsd,2025-01-31,17:01:25,-08:00,2025-01-31T17:01:25-08:00,1,3
global.js,111,js,53dedab6,hpucsd,2025-01-31,17:01:25,-08:00,2025-01-31T17:01:25-08:00,0,0
global.js,112,js,53dedab6,hpucsd,2025-01-31,17:01:25,-08:00,2025-01-31T17:01:25-08:00,2,32
global.js,113,js,53dedab6,hpucsd,2025-01-31,17:01:25,-08:00,2025-01-31T17:01:25-08:00,0,0
global.js,114,js,53dedab6,hpucsd,2025-01-31,17:01:25,-08:00,2025-01-31T17:01:25-08:00,2,17
global.js,115,js,53dedab6,hpucsd,2025-01-31,17:01:25,-08:00,2025-01-31T17:01:25-08:00,3,66
global.js,116,js,53dedab6,hpucsd,2025-01-31,17:01:25,-08:00,2025-01-31T17:01:25-08:00,2,0
global.js,117,js,53dedab6,hpucsd,2025-01-31,17:01:25,-08:00,2025-01-31T17:01:25-08:00,0,0
global.js,118,js,53dedab6,hpucsd,2025-01-31,17:01:25,-08:00,2025-01-31T17:01:25-08:00,2,33
global.js,119,js,53dedab6,hpucsd,2025-01-31,17:01:25,-08:00,2025-01-31T17:01:25-08:00,2,10
global.js,120,js,53dedab6,hpucsd,2025-01-31,17:01:25,-08:00,2025-01-31T17:01:25-08:00,2,0
global.js,121,js,53dedab6,hpucsd,2025-01-31,17:01:25,-08:00,2025-01-31T17:01:25-08:00,0,0
global.js,122,js,53dedab6,hpucsd,2025-01-31,17:01:25,-08:00,2025-01-31T17:01:25-08:00,1,15
global.js,123,js,53dedab6,hpucsd,2025-01-31,17:01:25,-08:00,2025-01-31T17:01:25-08:00,3,59
global.js,124,js,53dedab6,hpucsd,2025-01-31,17:01:25,-08:00,2025-01-31T17:01:25-08:00,0,0
global.js,125,js,53dedab6,hpucsd,2025-01-31,17:01:25,-08:00,2025-01-31T17:01:25-08:00,1,0
global.js,126,js,79092c78,hpucsd,2025-01-31,18:19:45,-08:00,2025-01-31T18:19:45-08:00,0,0
global.js,127,js,79092c78,hpucsd,2025-01-31,18:19:45,-08:00,2025-01-31T18:19:45-08:00,0,0
global.js,128,js,ec6b9904,hpucsd,2025-01-31,19:26:32,-08:00,2025-01-31T19:26:32-08:00,0,79
global.js,129,js,79092c78,hpucsd,2025-01-31,18:19:45,-08:00,2025-01-31T18:19:45-08:00,1,0
global.js,130,js,79092c78,hpucsd,2025-01-31,18:19:45,-08:00,2025-01-31T18:19:45-08:00,1,30
global.js,131,js,79092c78,hpucsd,2025-01-31,18:19:45,-08:00,2025-01-31T18:19:45-08:00,0,0
global.js,132,js,4da78286,hpucsd,2025-01-31,19:13:38,-08:00,2025-01-31T19:13:38-08:00,1,62
global.js,133,js,4da78286,hpucsd,2025-01-31,19:13:38,-08:00,2025-01-31T19:13:38-08:00,1,47
global.js,134,js,4da78286,hpucsd,2025-01-31,19:13:38,-08:00,2025-01-31T19:13:38-08:00,2,74
global.js,135,js,4da78286,hpucsd,2025-01-31,19:13:38,-08:00,2025-01-31T19:13:38-08:00,2,18
global.js,136,js,4da78286,hpucsd,2025-01-31,19:13:38,-08:00,2025-01-31T19:13:38-08:00,1,0
global.js,137,js,4da78286,hpucsd,2025-01-31,19:13:38,-08:00,2025-01-31T19:13:38-08:00,0,0
global.js,138,js,4da78286,hpucsd,2025-01-31,19:13:38,-08:00,2025-01-31T19:13:38-08:00,1,0
global.js,139,js,4da78286,hpucsd,2025-01-31,19:13:38,-08:00,2025-01-31T19:13:38-08:00,1,27
global.js,140,js,4da78286,hpucsd,2025-01-31,19:13:38,-08:00,2025-01-31T19:13:38-08:00,0,0
global.js,141,js,4da78286,hpucsd,2025-01-31,19:13:38,-08:00,2025-01-31T19:13:38-08:00,2,48
global.js,142,js,79092c78,hpucsd,2025-01-31,18:19:45,-08:00,2025-01-31T18:19:45-08:00,0,0
global.js,143,js,4da78286,hpucsd,2025-01-31,19:13:38,-08:00,2025-01-31T19:13:38-08:00,2,19
global.js,144,js,4da78286,hpucsd,2025-01-31,19:13:38,-08:00,2025-01-31T19:13:38-08:00,3,23
global.js,145,js,4da78286,hpucsd,2025-01-31,19:13:38,-08:00,2025-01-31T19:13:38-08:00,3,49
global.js,146,js,4da78286,hpucsd,2025-01-31,19:13:38,-08:00,2025-01-31T19:13:38-08:00,3,27
global.js,147,js,4da78286,hpucsd,2025-01-31,19:13:38,-08:00,2025-01-31T19:13:38-08:00,2,0
global.js,148,js,79092c78,hpucsd,2025-01-31,18:19:45,-08:00,2025-01-31T18:19:45-08:00,0,0
global.js,149,js,4da78286,hpucsd,2025-01-31,19:13:38,-08:00,2025-01-31T19:13:38-08:00,2,36
global.js,150,js,4da78286,hpucsd,2025-01-31,19:13:38,-08:00,2025-01-31T19:13:38-08:00,1,1
global.js,151,js,79092c78,hpucsd,2025-01-31,18:19:45,-08:00,2025-01-31T18:19:45-08:00,0,0
global.js,152,js,1a0f15bb,hpucsd,2025-01-31,18:59:04,-08:00,2025-01-31T18:59:04-08:00,0,0
global.js,153,js,1a0f15bb,hpucsd,2025-01-31,18:59:04,-08:00,2025-01-31T18:59:04-08:00,0,0
global.js,154,js,1a0f15bb,hpucsd,2025-01-31,18:59:04,-08:00,2025-01-31T18:59:04-08:00,0,47
global.js,155,js,1a0f15bb,hpucsd,2025-01-31,18:59:04,-08:00,2025-01-31T18:59:04-08:00,1,59
global.js,156,js,c2e771a7,hpucsd,2025-01-25,23:03:40,-08:00,2025-01-25T23:03:40-08:00,0,0
resume\index.html,1,html,832cce9c,hpucsd,2025-01-10,22:24:13,-08:00,2025-01-10T22:24:13-08:00,0,13
resume\index.html,2,html,832cce9c,hpucsd,2025-01-10,22:24:13,-08:00,2025-01-10T22:24:13-08:00,0,14
resume\index.html,3,html,832cce9c,hpucsd,2025-01-10,22:24:13,-08:00,2025-01-10T22:24:13-08:00,0,4
resume\index.html,4,html,832cce9c,hpucsd,2025-01-10,22:24:13,-08:00,2025-01-10T22:24:13-08:00,2,20
resume\index.html,5,html,832cce9c,hpucsd,2025-01-10,22:24:13,-08:00,2025-01-10T22:24:13-08:00,2,68
resume\index.html,6,html,832cce9c,hpucsd,2025-01-10,22:24:13,-08:00,2025-01-10T22:24:13-08:00,2,19
resume\index.html,7,html,832cce9c,hpucsd,2025-01-10,22:24:13,-08:00,2025-01-10T22:24:13-08:00,2,5
resume\index.html,8,html,2eec0ed7,hpucsd,2025-01-18,23:29:26,-08:00,2025-01-18T23:29:26-08:00,4,2
resume\index.html,9,html,2eec0ed7,hpucsd,2025-01-18,23:29:26,-08:00,2025-01-18T23:29:26-08:00,6,17
resume\index.html,10,html,2eec0ed7,hpucsd,2025-01-18,23:29:26,-08:00,2025-01-18T23:29:26-08:00,4,0
resume\index.html,11,html,832cce9c,hpucsd,2025-01-10,22:24:13,-08:00,2025-01-10T22:24:13-08:00,4,22
resume\index.html,12,html,832cce9c,hpucsd,2025-01-10,22:24:13,-08:00,2025-01-10T22:24:13-08:00,4,23
resume\index.html,13,html,d7abc83d,hpucsd,2025-01-18,23:15:13,-08:00,2025-01-18T23:15:13-08:00,4,25
resume\index.html,14,html,060de21e,hpucsd,2025-01-18,23:33:35,-08:00,2025-01-18T23:33:35-08:00,4,0
resume\index.html,15,html,060de21e,hpucsd,2025-01-18,23:33:35,-08:00,2025-01-18T23:33:35-08:00,4,6
resume\index.html,16,html,2eec0ed7,hpucsd,2025-01-18,23:29:26,-08:00,2025-01-18T23:29:26-08:00,6,12
resume\index.html,17,html,2eec0ed7,hpucsd,2025-01-18,23:29:26,-08:00,2025-01-18T23:29:26-08:00,6,29
resume\index.html,18,html,2eec0ed7,hpucsd,2025-01-18,23:29:26,-08:00,2025-01-18T23:29:26-08:00,4,0
resume\index.html,19,html,2eec0ed7,hpucsd,2025-01-18,23:29:26,-08:00,2025-01-18T23:29:26-08:00,0,0
resume\index.html,20,html,2eec0ed7,hpucsd,2025-01-18,23:29:26,-08:00,2025-01-18T23:29:26-08:00,4,11
resume\index.html,21,html,2eec0ed7,hpucsd,2025-01-18,23:29:26,-08:00,2025-01-18T23:29:26-08:00,6,15
resume\index.html,22,html,2eec0ed7,hpucsd,2025-01-18,23:29:26,-08:00,2025-01-18T23:29:26-08:00,4,0
resume\index.html,23,html,2eec0ed7,hpucsd,2025-01-18,23:29:26,-08:00,2025-01-18T23:29:26-08:00,0,0
resume\index.html,24,html,2eec0ed7,hpucsd,2025-01-18,23:29:26,-08:00,2025-01-18T23:29:26-08:00,4,12
resume\index.html,25,html,2eec0ed7,hpucsd,2025-01-18,23:29:26,-08:00,2025-01-18T23:29:26-08:00,6,16
resume\index.html,26,html,4b36a697,hpucsd,2025-01-18,23:36:06,-08:00,2025-01-18T23:36:06-08:00,6,13
resume\index.html,27,html,2eec0ed7,hpucsd,2025-01-18,23:29:26,-08:00,2025-01-18T23:29:26-08:00,4,0
resume\index.html,28,html,2eec0ed7,hpucsd,2025-01-18,23:29:26,-08:00,2025-01-18T23:29:26-08:00,0,0
resume\index.html,29,html,2eec0ed7,hpucsd,2025-01-18,23:29:26,-08:00,2025-01-18T23:29:26-08:00,4,2
resume\index.html,30,html,2eec0ed7,hpucsd,2025-01-18,23:29:26,-08:00,2025-01-18T23:29:26-08:00,6,12
resume\index.html,31,html,2eec0ed7,hpucsd,2025-01-18,23:29:26,-08:00,2025-01-18T23:29:26-08:00,6,29
resume\index.html,32,html,2eec0ed7,hpucsd,2025-01-18,23:29:26,-08:00,2025-01-18T23:29:26-08:00,4,0
resume\index.html,33,html,2eec0ed7,hpucsd,2025-01-18,23:29:26,-08:00,2025-01-18T23:29:26-08:00,0,0
resume\index.html,34,html,2eec0ed7,hpucsd,2025-01-18,23:29:26,-08:00,2025-01-18T23:29:26-08:00,4,12
resume\index.html,35,html,2eec0ed7,hpucsd,2025-01-18,23:29:26,-08:00,2025-01-18T23:29:26-08:00,6,15
resume\index.html,36,html,2eec0ed7,hpucsd,2025-01-18,23:29:26,-08:00,2025-01-18T23:29:26-08:00,4,0
resume\index.html,37,html,2eec0ed7,hpucsd,2025-01-18,23:29:26,-08:00,2025-01-18T23:29:26-08:00,0,0
resume\index.html,38,html,2eec0ed7,hpucsd,2025-01-18,23:29:26,-08:00,2025-01-18T23:29:26-08:00,4,13
resume\index.html,39,html,2eec0ed7,hpucsd,2025-01-18,23:29:26,-08:00,2025-01-18T23:29:26-08:00,6,16
resume\index.html,40,html,2eec0ed7,hpucsd,2025-01-18,23:29:26,-08:00,2025-01-18T23:29:26-08:00,6,13
resume\index.html,41,html,2eec0ed7,hpucsd,2025-01-18,23:29:26,-08:00,2025-01-18T23:29:26-08:00,4,0
resume\index.html,42,html,2eec0ed7,hpucsd,2025-01-18,23:29:26,-08:00,2025-01-18T23:29:26-08:00,0,0
resume\index.html,43,html,832cce9c,hpucsd,2025-01-10,22:24:13,-08:00,2025-01-10T22:24:13-08:00,2,6
resume\index.html,44,html,1e026c96,hpucsd,2025-01-18,16:47:02,-08:00,2025-01-18T16:47:02-08:00,2,41
resume\index.html,45,html,dba5b811,hpucsd,2025-01-24,21:48:48,-08:00,2025-01-24T21:48:48-08:00,2,48
resume\index.html,46,html,832cce9c,hpucsd,2025-01-10,22:24:13,-08:00,2025-01-10T22:24:13-08:00,0,5
resume\index.html,47,html,832cce9c,hpucsd,2025-01-10,22:24:13,-08:00,2025-01-10T22:24:13-08:00,0,4
resume\index.html,48,html,832cce9c,hpucsd,2025-01-10,22:24:13,-08:00,2025-01-10T22:24:13-08:00,2,0
resume\index.html,49,html,dd287420,hpucsd,2025-01-24,22:26:39,-08:00,2025-01-24T22:26:39-08:00,2,8
resume\index.html,50,html,1e026c96,hpucsd,2025-01-18,16:47:02,-08:00,2025-01-18T16:47:02-08:00,4,62
resume\index.html,51,html,1e026c96,hpucsd,2025-01-18,16:47:02,-08:00,2025-01-18T16:47:02-08:00,4,72
resume\index.html,52,html,1e026c96,hpucsd,2025-01-18,16:47:02,-08:00,2025-01-18T16:47:02-08:00,4,73
resume\index.html,53,html,1e026c96,hpucsd,2025-01-18,16:47:02,-08:00,2025-01-18T16:47:02-08:00,4,69
resume\index.html,54,html,fd3b30c5,hpucsd,2025-01-24,20:31:07,-08:00,2025-01-24T20:31:07-08:00,4,69
resume\index.html,55,html,dd287420,hpucsd,2025-01-24,22:26:39,-08:00,2025-01-24T22:26:39-08:00,2,8
resume\index.html,56,html,32e967dc,hpucsd,2025-01-17,19:26:07,-08:00,2025-01-17T19:26:07-08:00,0,0
resume\index.html,57,html,832cce9c,hpucsd,2025-01-10,22:24:13,-08:00,2025-01-10T22:24:13-08:00,2,28
resume\index.html,58,html,832cce9c,hpucsd,2025-01-10,22:24:13,-08:00,2025-01-10T22:24:13-08:00,2,0
resume\index.html,59,html,832cce9c,hpucsd,2025-01-10,22:24:13,-08:00,2025-01-10T22:24:13-08:00,2,50
resume\index.html,60,html,832cce9c,hpucsd,2025-01-10,22:24:13,-08:00,2025-01-10T22:24:13-08:00,2,0
resume\index.html,61,html,9a799458,hpucsd,2025-01-10,22:52:06,-08:00,2025-01-10T22:52:06-08:00,2,98
resume\index.html,62,html,832cce9c,hpucsd,2025-01-10,22:24:13,-08:00,2025-01-10T22:24:13-08:00,2,0
resume\index.html,63,html,832cce9c,hpucsd,2025-01-10,22:24:13,-08:00,2025-01-10T22:24:13-08:00,2,7
resume\index.html,64,html,832cce9c,hpucsd,2025-01-10,22:24:13,-08:00,2025-01-10T22:24:13-08:00,2,0
resume\index.html,65,html,832cce9c,hpucsd,2025-01-10,22:24:13,-08:00,2025-01-10T22:24:13-08:00,2,23
resume\index.html,66,html,832cce9c,hpucsd,2025-01-10,22:24:13,-08:00,2025-01-10T22:24:13-08:00,4,22
resume\index.html,67,html,2eec0ed7,hpucsd,2025-01-18,23:29:26,-08:00,2025-01-18T23:29:26-08:00,4,329
resume\index.html,68,html,832cce9c,hpucsd,2025-01-10,22:24:13,-08:00,2025-01-10T22:24:13-08:00,2,8
resume\index.html,69,html,832cce9c,hpucsd,2025-01-10,22:24:13,-08:00,2025-01-10T22:24:13-08:00,0,0
resume\index.html,70,html,832cce9c,hpucsd,2025-01-10,22:24:13,-08:00,2025-01-10T22:24:13-08:00,2,7
resume\index.html,71,html,832cce9c,hpucsd,2025-01-10,22:24:13,-08:00,2025-01-10T22:24:13-08:00,0,0
resume\index.html,72,html,832cce9c,hpucsd,2025-01-10,22:24:13,-08:00,2025-01-10T22:24:13-08:00,2,25
resume\index.html,73,html,9a799458,hpucsd,2025-01-10,22:52:06,-08:00,2025-01-10T22:52:06-08:00,4,16
resume\index.html,74,html,060de21e,hpucsd,2025-01-18,23:33:35,-08:00,2025-01-18T23:33:35-08:00,4,14
resume\index.html,75,html,2eec0ed7,hpucsd,2025-01-18,23:29:26,-08:00,2025-01-18T23:29:26-08:00,6,73
resume\index.html,76,html,4b36a697,hpucsd,2025-01-18,23:36:06,-08:00,2025-01-18T23:36:06-08:00,6,46
resume\index.html,77,html,2eec0ed7,hpucsd,2025-01-18,23:29:26,-08:00,2025-01-18T23:29:26-08:00,4,2
resume\index.html,78,html,198a5e69,hpucsd,2025-01-18,23:06:49,-08:00,2025-01-18T23:06:49-08:00,4,34
resume\index.html,79,html,198a5e69,hpucsd,2025-01-18,23:06:49,-08:00,2025-01-18T23:06:49-08:00,4,75
resume\index.html,80,html,832cce9c,hpucsd,2025-01-10,22:24:13,-08:00,2025-01-10T22:24:13-08:00,2,8
resume\index.html,81,html,832cce9c,hpucsd,2025-01-10,22:24:13,-08:00,2025-01-10T22:24:13-08:00,2,0
resume\index.html,82,html,832cce9c,hpucsd,2025-01-10,22:24:13,-08:00,2025-01-10T22:24:13-08:00,2,7
resume\index.html,83,html,832cce9c,hpucsd,2025-01-10,22:24:13,-08:00,2025-01-10T22:24:13-08:00,0,0
resume\index.html,84,html,832cce9c,hpucsd,2025-01-10,22:24:13,-08:00,2025-01-10T22:24:13-08:00,2,28
resume\index.html,85,html,832cce9c,hpucsd,2025-01-10,22:24:13,-08:00,2025-01-10T22:24:13-08:00,0,0
resume\index.html,86,html,9a799458,hpucsd,2025-01-10,22:52:06,-08:00,2025-01-10T22:52:06-08:00,4,26
resume\index.html,87,html,9a799458,hpucsd,2025-01-10,22:52:06,-08:00,2025-01-10T22:52:06-08:00,0,0
resume\index.html,88,html,832cce9c,hpucsd,2025-01-10,22:24:13,-08:00,2025-01-10T22:24:13-08:00,4,37
resume\index.html,89,html,2eec0ed7,hpucsd,2025-01-18,23:29:26,-08:00,2025-01-18T23:29:26-08:00,0,0
resume\index.html,90,html,2eec0ed7,hpucsd,2025-01-18,23:29:26,-08:00,2025-01-18T23:29:26-08:00,6,2
resume\index.html,91,html,2eec0ed7,hpucsd,2025-01-18,23:29:26,-08:00,2025-01-18T23:29:26-08:00,8,69
resume\index.html,92,html,2eec0ed7,hpucsd,2025-01-18,23:29:26,-08:00,2025-01-18T23:29:26-08:00,8,121
resume\index.html,93,html,2eec0ed7,hpucsd,2025-01-18,23:29:26,-08:00,2025-01-18T23:29:26-08:00,6,3
resume\index.html,94,html,2eec0ed7,hpucsd,2025-01-18,23:29:26,-08:00,2025-01-18T23:29:26-08:00,0,0
resume\index.html,95,html,832cce9c,hpucsd,2025-01-10,22:24:13,-08:00,2025-01-10T22:24:13-08:00,6,2
resume\index.html,96,html,832cce9c,hpucsd,2025-01-10,22:24:13,-08:00,2025-01-10T22:24:13-08:00,0,0
resume\index.html,97,html,832cce9c,hpucsd,2025-01-10,22:24:13,-08:00,2025-01-10T22:24:13-08:00,8,118
resume\index.html,98,html,832cce9c,hpucsd,2025-01-10,22:24:13,-08:00,2025-01-10T22:24:13-08:00,7,0
resume\index.html,99,html,832cce9c,hpucsd,2025-01-10,22:24:13,-08:00,2025-01-10T22:24:13-08:00,8,78
resume\index.html,100,html,832cce9c,hpucsd,2025-01-10,22:24:13,-08:00,2025-01-10T22:24:13-08:00,7,0
resume\index.html,101,html,832cce9c,hpucsd,2025-01-10,22:24:13,-08:00,2025-01-10T22:24:13-08:00,8,51
resume\index.html,102,html,832cce9c,hpucsd,2025-01-10,22:24:13,-08:00,2025-01-10T22:24:13-08:00,7,0
resume\index.html,103,html,198a5e69,hpucsd,2025-01-18,23:06:49,-08:00,2025-01-18T23:06:49-08:00,6,3
resume\index.html,104,html,198a5e69,hpucsd,2025-01-18,23:06:49,-08:00,2025-01-18T23:06:49-08:00,0,0
resume\index.html,105,html,832cce9c,hpucsd,2025-01-10,22:24:13,-08:00,2025-01-10T22:24:13-08:00,4,8
resume\index.html,106,html,832cce9c,hpucsd,2025-01-10,22:24:13,-08:00,2025-01-10T22:24:13-08:00,0,0
resume\index.html,107,html,198a5e69,hpucsd,2025-01-18,23:06:49,-08:00,2025-01-18T23:06:49-08:00,4,7
resume\index.html,108,html,198a5e69,hpucsd,2025-01-18,23:06:49,-08:00,2025-01-18T23:06:49-08:00,0,0
resume\index.html,109,html,832cce9c,hpucsd,2025-01-10,22:24:13,-08:00,2025-01-10T22:24:13-08:00,4,38
resume\index.html,110,html,2eec0ed7,hpucsd,2025-01-18,23:29:26,-08:00,2025-01-18T23:29:26-08:00,0,0
resume\index.html,111,html,2eec0ed7,hpucsd,2025-01-18,23:29:26,-08:00,2025-01-18T23:29:26-08:00,6,2
resume\index.html,112,html,2eec0ed7,hpucsd,2025-01-18,23:29:26,-08:00,2025-01-18T23:29:26-08:00,8,71
resume\index.html,113,html,2eec0ed7,hpucsd,2025-01-18,23:29:26,-08:00,2025-01-18T23:29:26-08:00,8,116
resume\index.html,114,html,2eec0ed7,hpucsd,2025-01-18,23:29:26,-08:00,2025-01-18T23:29:26-08:00,6,3
resume\index.html,115,html,2eec0ed7,hpucsd,2025-01-18,23:29:26,-08:00,2025-01-18T23:29:26-08:00,0,0
resume\index.html,116,html,060de21e,hpucsd,2025-01-18,23:33:35,-08:00,2025-01-18T23:33:35-08:00,5,2
resume\index.html,117,html,832cce9c,hpucsd,2025-01-10,22:24:13,-08:00,2025-01-10T22:24:13-08:00,0,0
resume\index.html,118,html,832cce9c,hpucsd,2025-01-10,22:24:13,-08:00,2025-01-10T22:24:13-08:00,8,94
resume\index.html,119,html,832cce9c,hpucsd,2025-01-10,22:24:13,-08:00,2025-01-10T22:24:13-08:00,7,0
resume\index.html,120,html,832cce9c,hpucsd,2025-01-10,22:24:13,-08:00,2025-01-10T22:24:13-08:00,8,49
resume\index.html,121,html,832cce9c,hpucsd,2025-01-10,22:24:13,-08:00,2025-01-10T22:24:13-08:00,7,0
resume\index.html,122,html,832cce9c,hpucsd,2025-01-10,22:24:13,-08:00,2025-01-10T22:24:13-08:00,8,74
resume\index.html,123,html,832cce9c,hpucsd,2025-01-10,22:24:13,-08:00,2025-01-10T22:24:13-08:00,7,0
resume\index.html,124,html,198a5e69,hpucsd,2025-01-18,23:06:49,-08:00,2025-01-18T23:06:49-08:00,6,3
resume\index.html,125,html,198a5e69,hpucsd,2025-01-18,23:06:49,-08:00,2025-01-18T23:06:49-08:00,0,0
resume\index.html,126,html,832cce9c,hpucsd,2025-01-10,22:24:13,-08:00,2025-01-10T22:24:13-08:00,4,8
resume\index.html,127,html,832cce9c,hpucsd,2025-01-10,22:24:13,-08:00,2025-01-10T22:24:13-08:00,0,0
resume\index.html,128,html,198a5e69,hpucsd,2025-01-18,23:06:49,-08:00,2025-01-18T23:06:49-08:00,4,7
resume\index.html,129,html,198a5e69,hpucsd,2025-01-18,23:06:49,-08:00,2025-01-18T23:06:49-08:00,0,0
resume\index.html,130,html,832cce9c,hpucsd,2025-01-10,22:24:13,-08:00,2025-01-10T22:24:13-08:00,4,40
resume\index.html,131,html,2eec0ed7,hpucsd,2025-01-18,23:29:26,-08:00,2025-01-18T23:29:26-08:00,0,0
resume\index.html,132,html,2eec0ed7,hpucsd,2025-01-18,23:29:26,-08:00,2025-01-18T23:29:26-08:00,6,2
resume\index.html,133,html,2eec0ed7,hpucsd,2025-01-18,23:29:26,-08:00,2025-01-18T23:29:26-08:00,8,63
resume\index.html,134,html,2eec0ed7,hpucsd,2025-01-18,23:29:26,-08:00,2025-01-18T23:29:26-08:00,8,121
resume\index.html,135,html,2eec0ed7,hpucsd,2025-01-18,23:29:26,-08:00,2025-01-18T23:29:26-08:00,6,3
resume\index.html,136,html,2eec0ed7,hpucsd,2025-01-18,23:29:26,-08:00,2025-01-18T23:29:26-08:00,0,0
resume\index.html,137,html,832cce9c,hpucsd,2025-01-10,22:24:13,-08:00,2025-01-10T22:24:13-08:00,6,2
resume\index.html,138,html,832cce9c,hpucsd,2025-01-10,22:24:13,-08:00,2025-01-10T22:24:13-08:00,0,0
resume\index.html,139,html,832cce9c,hpucsd,2025-01-10,22:24:13,-08:00,2025-01-10T22:24:13-08:00,8,47
resume\index.html,140,html,832cce9c,hpucsd,2025-01-10,22:24:13,-08:00,2025-01-10T22:24:13-08:00,7,0
resume\index.html,141,html,832cce9c,hpucsd,2025-01-10,22:24:13,-08:00,2025-01-10T22:24:13-08:00,8,68
resume\index.html,142,html,832cce9c,hpucsd,2025-01-10,22:24:13,-08:00,2025-01-10T22:24:13-08:00,7,0
resume\index.html,143,html,832cce9c,hpucsd,2025-01-10,22:24:13,-08:00,2025-01-10T22:24:13-08:00,8,56
resume\index.html,144,html,832cce9c,hpucsd,2025-01-10,22:24:13,-08:00,2025-01-10T22:24:13-08:00,7,0
resume\index.html,145,html,198a5e69,hpucsd,2025-01-18,23:06:49,-08:00,2025-01-18T23:06:49-08:00,6,3
resume\index.html,146,html,198a5e69,hpucsd,2025-01-18,23:06:49,-08:00,2025-01-18T23:06:49-08:00,0,0
resume\index.html,147,html,832cce9c,hpucsd,2025-01-10,22:24:13,-08:00,2025-01-10T22:24:13-08:00,4,8
resume\index.html,148,html,832cce9c,hpucsd,2025-01-10,22:24:13,-08:00,2025-01-10T22:24:13-08:00,0,0
resume\index.html,149,html,832cce9c,hpucsd,2025-01-10,22:24:13,-08:00,2025-01-10T22:24:13-08:00,2,8
resume\index.html,150,html,832cce9c,hpucsd,2025-01-10,22:24:13,-08:00,2025-01-10T22:24:13-08:00,0,0
resume\index.html,151,html,832cce9c,hpucsd,2025-01-10,22:24:13,-08:00,2025-01-10T22:24:13-08:00,2,7
resume\index.html,152,html,c37c87a4,hpucsd,2025-01-10,22:43:08,-08:00,2025-01-10T22:43:08-08:00,0,0
resume\index.html,153,html,832cce9c,hpucsd,2025-01-10,22:24:13,-08:00,2025-01-10T22:24:13-08:00,0,5
resume\index.html,154,html,832cce9c,hpucsd,2025-01-10,22:24:13,-08:00,2025-01-10T22:24:13-08:00,0,5
projects\projects.js,1,js,79092c78,hpucsd,2025-01-31,18:19:45,-08:00,2025-01-31T18:19:45-08:00,0,55
projects\projects.js,2,js,79092c78,hpucsd,2025-01-31,18:19:45,-08:00,2025-01-31T18:19:45-08:00,0,0
projects\projects.js,3,js,79092c78,hpucsd,2025-01-31,18:19:45,-08:00,2025-01-31T18:19:45-08:00,0,55
projects\projects.js,4,js,79092c78,hpucsd,2025-01-31,18:19:45,-08:00,2025-01-31T18:19:45-08:00,0,0
projects\projects.js,5,js,bd6a0fb6,hpucsd,2025-02-01,14:12:31,-08:00,2025-02-01T14:12:31-08:00,0,61
projects\projects.js,6,js,bd6a0fb6,hpucsd,2025-02-01,14:12:31,-08:00,2025-02-01T14:12:31-08:00,0,0
projects\projects.js,7,js,079442f3,hpucsd,2025-01-31,19:04:49,-08:00,2025-01-31T19:04:49-08:00,0,60
projects\projects.js,8,js,079442f3,hpucsd,2025-01-31,19:04:49,-08:00,2025-01-31T19:04:49-08:00,0,0
projects\projects.js,9,js,399b83aa,hpucsd,2025-02-01,14:21:53,-08:00,2025-02-01T14:21:53-08:00,0,25
projects\projects.js,10,js,399b83aa,hpucsd,2025-02-01,14:21:53,-08:00,2025-02-01T14:21:53-08:00,2,54
projects\projects.js,11,js,399b83aa,hpucsd,2025-02-01,14:21:53,-08:00,2025-02-01T14:21:53-08:00,0,6
projects\projects.js,12,js,399b83aa,hpucsd,2025-02-01,14:21:53,-08:00,2025-02-01T14:21:53-08:00,2,55
projects\projects.js,13,js,399b83aa,hpucsd,2025-02-01,14:21:53,-08:00,2025-02-01T14:21:53-08:00,0,0
projects\projects.js,14,js,bd6a0fb6,hpucsd,2025-02-01,14:12:31,-08:00,2025-02-01T14:12:31-08:00,0,0
projects\projects.js,15,js,9d780416,hpucsd,2025-02-07,22:27:24,-08:00,2025-02-07T22:27:24-08:00,0,47
projects\projects.js,16,js,9d780416,hpucsd,2025-02-07,22:27:24,-08:00,2025-02-07T22:27:24-08:00,0,0
projects\projects.js,17,js,9d780416,hpucsd,2025-02-07,22:27:24,-08:00,2025-02-07T22:27:24-08:00,0,63
projects\projects.js,18,js,9d780416,hpucsd,2025-02-07,22:27:24,-08:00,2025-02-07T22:27:24-08:00,0,0
projects\projects.js,19,js,5e7d6f43,hpucsd,2025-02-08,22:59:40,-08:00,2025-02-08T22:59:40-08:00,0,57
projects\projects.js,20,js,9d780416,hpucsd,2025-02-07,22:27:24,-08:00,2025-02-07T22:27:24-08:00,0,0
projects\projects.js,21,js,738306f3,hpucsd,2025-02-07,22:33:03,-08:00,2025-02-07T22:33:03-08:00,0,25
projects\projects.js,22,js,738306f3,hpucsd,2025-02-07,22:33:03,-08:00,2025-02-07T22:33:03-08:00,0,19
projects\projects.js,23,js,738306f3,hpucsd,2025-02-07,22:33:03,-08:00,2025-02-07T22:33:03-08:00,0,27
projects\projects.js,24,js,738306f3,hpucsd,2025-02-07,22:33:03,-08:00,2025-02-07T22:33:03-08:00,0,6
projects\projects.js,25,js,738306f3,hpucsd,2025-02-07,22:33:03,-08:00,2025-02-07T22:33:03-08:00,0,0
projects\projects.js,26,js,738306f3,hpucsd,2025-02-07,22:33:03,-08:00,2025-02-07T22:33:03-08:00,0,68
projects\projects.js,27,js,738306f3,hpucsd,2025-02-07,22:33:03,-08:00,2025-02-07T22:33:03-08:00,0,0
projects\projects.js,28,js,a9ab30b3,hpucsd,2025-02-07,23:13:45,-08:00,2025-02-07T23:13:45-08:00,0,26
projects\projects.js,29,js,a9ab30b3,hpucsd,2025-02-07,23:13:45,-08:00,2025-02-07T23:13:45-08:00,1,7
projects\projects.js,30,js,a9ab30b3,hpucsd,2025-02-07,23:13:45,-08:00,2025-02-07T23:13:45-08:00,1,14
projects\projects.js,31,js,a9ab30b3,hpucsd,2025-02-07,23:13:45,-08:00,2025-02-07T23:13:45-08:00,1,12
projects\projects.js,32,js,a9ab30b3,hpucsd,2025-02-07,23:13:45,-08:00,2025-02-07T23:13:45-08:00,0,0
projects\projects.js,33,js,a9ab30b3,hpucsd,2025-02-07,23:13:45,-08:00,2025-02-07T23:13:45-08:00,0,0
projects\projects.js,34,js,5e7d6f43,hpucsd,2025-02-08,22:59:40,-08:00,2025-02-08T22:59:40-08:00,0,44
projects\projects.js,35,js,5e7d6f43,hpucsd,2025-02-08,22:59:40,-08:00,2025-02-08T22:59:40-08:00,2,35
projects\projects.js,36,js,5e7d6f43,hpucsd,2025-02-08,22:59:40,-08:00,2025-02-08T22:59:40-08:00,0,1
projects\projects.js,37,js,5e7d6f43,hpucsd,2025-02-08,22:59:40,-08:00,2025-02-08T22:59:40-08:00,0,0
projects\projects.js,38,js,5e7d6f43,hpucsd,2025-02-08,22:59:40,-08:00,2025-02-08T22:59:40-08:00,0,12
projects\projects.js,39,js,5e7d6f43,hpucsd,2025-02-08,22:59:40,-08:00,2025-02-08T22:59:40-08:00,0,0
projects\projects.js,40,js,5e7d6f43,hpucsd,2025-02-08,22:59:40,-08:00,2025-02-08T22:59:40-08:00,0,19
projects\projects.js,41,js,5e7d6f43,hpucsd,2025-02-08,22:59:40,-08:00,2025-02-08T22:59:40-08:00,1,15
projects\projects.js,42,js,5e7d6f43,hpucsd,2025-02-08,22:59:40,-08:00,2025-02-08T22:59:40-08:00,0,0
projects\projects.js,43,js,738306f3,hpucsd,2025-02-07,22:33:03,-08:00,2025-02-07T22:33:03-08:00,0,0
projects\projects.js,44,js,5e7d6f43,hpucsd,2025-02-08,22:59:40,-08:00,2025-02-08T22:59:40-08:00,0,12
projects\projects.js,45,js,17278b5b,hpucsd,2025-02-07,22:37:30,-08:00,2025-02-07T22:37:30-08:00,0,0
projects\projects.js,46,js,4ae3cf6e,hpucsd,2025-02-07,22:52:05,-08:00,2025-02-07T22:52:05-08:00,0,50
projects\projects.js,47,js,17278b5b,hpucsd,2025-02-07,22:37:30,-08:00,2025-02-07T22:37:30-08:00,0,33
projects\projects.js,48,js,5e7d6f43,hpucsd,2025-02-08,22:59:40,-08:00,2025-02-08T22:59:40-08:00,0,45
projects\projects.js,49,js,5e7d6f43,hpucsd,2025-02-08,22:59:40,-08:00,2025-02-08T22:59:40-08:00,0,0
projects\projects.js,50,js,5e7d6f43,hpucsd,2025-02-08,22:59:40,-08:00,2025-02-08T22:59:40-08:00,0,19
projects\projects.js,51,js,5e7d6f43,hpucsd,2025-02-08,22:59:40,-08:00,2025-02-08T22:59:40-08:00,1,53
projects\projects.js,52,js,5e7d6f43,hpucsd,2025-02-08,22:59:40,-08:00,2025-02-08T22:59:40-08:00,1,44
projects\projects.js,53,js,5e7d6f43,hpucsd,2025-02-08,22:59:40,-08:00,2025-02-08T22:59:40-08:00,1,15
projects\projects.js,54,js,5e7d6f43,hpucsd,2025-02-08,22:59:40,-08:00,2025-02-08T22:59:40-08:00,0,0
projects\projects.js,55,js,738306f3,hpucsd,2025-02-07,22:33:03,-08:00,2025-02-07T22:33:03-08:00,0,0
projects\projects.js,56,js,17278b5b,hpucsd,2025-02-07,22:37:30,-08:00,2025-02-07T22:37:30-08:00,0,47
projects\projects.js,57,js,5e7d6f43,hpucsd,2025-02-08,22:59:40,-08:00,2025-02-08T22:59:40-08:00,0,0
projects\projects.js,58,js,5e7d6f43,hpucsd,2025-02-08,22:59:40,-08:00,2025-02-08T22:59:40-08:00,0,26
projects\projects.js,59,js,5e7d6f43,hpucsd,2025-02-08,22:59:40,-08:00,2025-02-08T22:59:40-08:00,2,14
projects\projects.js,60,js,5e7d6f43,hpucsd,2025-02-08,22:59:40,-08:00,2025-02-08T22:59:40-08:00,3,13
projects\projects.js,61,js,5e7d6f43,hpucsd,2025-02-08,22:59:40,-08:00,2025-02-08T22:59:40-08:00,3,13
projects\projects.js,62,js,5e7d6f43,hpucsd,2025-02-08,22:59:40,-08:00,2025-02-08T22:59:40-08:00,3,98
projects\projects.js,63,js,4ae3cf6e,hpucsd,2025-02-07,22:52:05,-08:00,2025-02-07T22:52:05-08:00,0,1
projects\projects.js,64,js,4ae3cf6e,hpucsd,2025-02-07,22:52:05,-08:00,2025-02-07T22:52:05-08:00,0,0
projects\projects.js,65,js,4ae3cf6e,hpucsd,2025-02-07,22:52:05,-08:00,2025-02-07T22:52:05-08:00,0,32
projects\projects.js,66,js,4ae3cf6e,hpucsd,2025-02-07,22:52:05,-08:00,2025-02-07T22:52:05-08:00,0,24
projects\projects.js,67,js,5e7d6f43,hpucsd,2025-02-08,22:59:40,-08:00,2025-02-08T22:59:40-08:00,2,17
projects\projects.js,68,js,5e7d6f43,hpucsd,2025-02-08,22:59:40,-08:00,2025-02-08T22:59:40-08:00,5,93
projects\projects.js,69,js,5e7d6f43,hpucsd,2025-02-08,22:59:40,-08:00,2025-02-08T22:59:40-08:00,5,99
projects\projects.js,70,js,5e7d6f43,hpucsd,2025-02-08,22:59:40,-08:00,2025-02-08T22:59:40-08:00,0,0
projects\projects.js,71,js,7b15483d,hpucsd,2025-02-07,23:20:57,-08:00,2025-02-07T23:20:57-08:00,0,0
projects\projects.js,72,js,22da31fa,hpucsd,2025-02-07,23:44:42,-08:00,2025-02-07T23:44:42-08:00,0,38
projects\projects.js,73,js,8fa3cc95,hpucsd,2025-02-08,23:05:14,-08:00,2025-02-08T23:05:14-08:00,0,0
projects\projects.js,74,js,d1b8d0ad,hpucsd,2025-02-08,23:35:13,-08:00,2025-02-08T23:35:13-08:00,2,53
projects\projects.js,75,js,d1b8d0ad,hpucsd,2025-02-08,23:35:13,-08:00,2025-02-08T23:35:13-08:00,2,29
projects\projects.js,76,js,d1b8d0ad,hpucsd,2025-02-08,23:35:13,-08:00,2025-02-08T23:35:13-08:00,2,29
projects\projects.js,77,js,d1b8d0ad,hpucsd,2025-02-08,23:35:13,-08:00,2025-02-08T23:35:13-08:00,1,0
projects\projects.js,78,js,d1b8d0ad,hpucsd,2025-02-08,23:35:13,-08:00,2025-02-08T23:35:13-08:00,2,25
projects\projects.js,79,js,d1b8d0ad,hpucsd,2025-02-08,23:35:13,-08:00,2025-02-08T23:35:13-08:00,2,29
projects\projects.js,80,js,5e7d6f43,hpucsd,2025-02-08,22:59:40,-08:00,2025-02-08T22:59:40-08:00,3,12
projects\projects.js,81,js,5e7d6f43,hpucsd,2025-02-08,22:59:40,-08:00,2025-02-08T22:59:40-08:00,3,14
projects\projects.js,82,js,5e7d6f43,hpucsd,2025-02-08,22:59:40,-08:00,2025-02-08T22:59:40-08:00,3,12
projects\projects.js,83,js,d1b8d0ad,hpucsd,2025-02-08,23:35:13,-08:00,2025-02-08T23:35:13-08:00,2,0
projects\projects.js,84,js,d1b8d0ad,hpucsd,2025-02-08,23:35:13,-08:00,2025-02-08T23:35:13-08:00,0,0
projects\projects.js,85,js,d1b8d0ad,hpucsd,2025-02-08,23:35:13,-08:00,2025-02-08T23:35:13-08:00,2,18
projects\projects.js,86,js,d1b8d0ad,hpucsd,2025-02-08,23:35:13,-08:00,2025-02-08T23:35:13-08:00,2,50
projects\projects.js,87,js,d1b8d0ad,hpucsd,2025-02-08,23:35:13,-08:00,2025-02-08T23:35:13-08:00,4,35
projects\projects.js,88,js,d1b8d0ad,hpucsd,2025-02-08,23:35:13,-08:00,2025-02-08T23:35:13-08:00,2,1
projects\projects.js,89,js,d1b8d0ad,hpucsd,2025-02-08,23:35:13,-08:00,2025-02-08T23:35:13-08:00,0,0
projects\projects.js,90,js,d1b8d0ad,hpucsd,2025-02-08,23:35:13,-08:00,2025-02-08T23:35:13-08:00,2,50
projects\projects.js,91,js,d1b8d0ad,hpucsd,2025-02-08,23:35:13,-08:00,2025-02-08T23:35:13-08:00,2,53
projects\projects.js,92,js,d1b8d0ad,hpucsd,2025-02-08,23:35:13,-08:00,2025-02-08T23:35:13-08:00,2,41
projects\projects.js,93,js,d1b8d0ad,hpucsd,2025-02-08,23:35:13,-08:00,2025-02-08T23:35:13-08:00,2,51
projects\projects.js,94,js,d1b8d0ad,hpucsd,2025-02-08,23:35:13,-08:00,2025-02-08T23:35:13-08:00,0,0
projects\projects.js,95,js,d1b8d0ad,hpucsd,2025-02-08,23:35:13,-08:00,2025-02-08T23:35:13-08:00,2,19
projects\projects.js,96,js,d1b8d0ad,hpucsd,2025-02-08,23:35:13,-08:00,2025-02-08T23:35:13-08:00,4,53
projects\projects.js,97,js,d1b8d0ad,hpucsd,2025-02-08,23:35:13,-08:00,2025-02-08T23:35:13-08:00,4,47
projects\projects.js,98,js,d1b8d0ad,hpucsd,2025-02-08,23:35:13,-08:00,2025-02-08T23:35:13-08:00,4,15
projects\projects.js,99,js,d1b8d0ad,hpucsd,2025-02-08,23:35:13,-08:00,2025-02-08T23:35:13-08:00,2,0
projects\projects.js,100,js,d1b8d0ad,hpucsd,2025-02-08,23:35:13,-08:00,2025-02-08T23:35:13-08:00,0,0
projects\projects.js,101,js,d1b8d0ad,hpucsd,2025-02-08,23:35:13,-08:00,2025-02-08T23:35:13-08:00,2,47
projects\projects.js,102,js,d1b8d0ad,hpucsd,2025-02-08,23:35:13,-08:00,2025-02-08T23:35:13-08:00,0,0
projects\projects.js,103,js,d1b8d0ad,hpucsd,2025-02-08,23:35:13,-08:00,2025-02-08T23:35:13-08:00,2,26
projects\projects.js,104,js,d1b8d0ad,hpucsd,2025-02-08,23:35:13,-08:00,2025-02-08T23:35:13-08:00,2,28
projects\projects.js,105,js,d1b8d0ad,hpucsd,2025-02-08,23:35:13,-08:00,2025-02-08T23:35:13-08:00,0,0
projects\projects.js,106,js,d1b8d0ad,hpucsd,2025-02-08,23:35:13,-08:00,2025-02-08T23:35:13-08:00,4,16
projects\projects.js,107,js,d1b8d0ad,hpucsd,2025-02-08,23:35:13,-08:00,2025-02-08T23:35:13-08:00,4,25
projects\projects.js,108,js,d1b8d0ad,hpucsd,2025-02-08,23:35:13,-08:00,2025-02-08T23:35:13-08:00,4,22
projects\projects.js,109,js,d1b8d0ad,hpucsd,2025-02-08,23:35:13,-08:00,2025-02-08T23:35:13-08:00,4,27
projects\projects.js,110,js,d1b8d0ad,hpucsd,2025-02-08,23:35:13,-08:00,2025-02-08T23:35:13-08:00,6,22
projects\projects.js,111,js,d1b8d0ad,hpucsd,2025-02-08,23:35:13,-08:00,2025-02-08T23:35:13-08:00,6,18
projects\projects.js,112,js,d1b8d0ad,hpucsd,2025-02-08,23:35:13,-08:00,2025-02-08T23:35:13-08:00,6,21
projects\projects.js,113,js,d1b8d0ad,hpucsd,2025-02-08,23:35:13,-08:00,2025-02-08T23:35:13-08:00,6,13
projects\projects.js,114,js,d1b8d0ad,hpucsd,2025-02-08,23:35:13,-08:00,2025-02-08T23:35:13-08:00,6,19
projects\projects.js,115,js,d1b8d0ad,hpucsd,2025-02-08,23:35:13,-08:00,2025-02-08T23:35:13-08:00,4,0
projects\projects.js,116,js,d1b8d0ad,hpucsd,2025-02-08,23:35:13,-08:00,2025-02-08T23:35:13-08:00,4,26
projects\projects.js,117,js,d1b8d0ad,hpucsd,2025-02-08,23:35:13,-08:00,2025-02-08T23:35:13-08:00,6,26
projects\projects.js,118,js,d1b8d0ad,hpucsd,2025-02-08,23:35:13,-08:00,2025-02-08T23:35:13-08:00,6,18
projects\projects.js,119,js,d1b8d0ad,hpucsd,2025-02-08,23:35:13,-08:00,2025-02-08T23:35:13-08:00,6,19
projects\projects.js,120,js,d1b8d0ad,hpucsd,2025-02-08,23:35:13,-08:00,2025-02-08T23:35:13-08:00,4,0
projects\projects.js,121,js,d1b8d0ad,hpucsd,2025-02-08,23:35:13,-08:00,2025-02-08T23:35:13-08:00,4,23
projects\projects.js,122,js,d1b8d0ad,hpucsd,2025-02-08,23:35:13,-08:00,2025-02-08T23:35:13-08:00,6,43
projects\projects.js,123,js,d1b8d0ad,hpucsd,2025-02-08,23:35:13,-08:00,2025-02-08T23:35:13-08:00,0,0
projects\projects.js,124,js,d1b8d0ad,hpucsd,2025-02-08,23:35:13,-08:00,2025-02-08T23:35:13-08:00,6,40
projects\projects.js,125,js,d1b8d0ad,hpucsd,2025-02-08,23:35:13,-08:00,2025-02-08T23:35:13-08:00,6,19
projects\projects.js,126,js,d1b8d0ad,hpucsd,2025-02-08,23:35:13,-08:00,2025-02-08T23:35:13-08:00,6,66
projects\projects.js,127,js,d1b8d0ad,hpucsd,2025-02-08,23:35:13,-08:00,2025-02-08T23:35:13-08:00,0,0
projects\projects.js,128,js,d1b8d0ad,hpucsd,2025-02-08,23:35:13,-08:00,2025-02-08T23:35:13-08:00,6,18
projects\projects.js,129,js,d1b8d0ad,hpucsd,2025-02-08,23:35:13,-08:00,2025-02-08T23:35:13-08:00,6,20
projects\projects.js,130,js,d1b8d0ad,hpucsd,2025-02-08,23:35:13,-08:00,2025-02-08T23:35:13-08:00,6,66
projects\projects.js,131,js,d1b8d0ad,hpucsd,2025-02-08,23:35:13,-08:00,2025-02-08T23:35:13-08:00,0,0
projects\projects.js,132,js,d1b8d0ad,hpucsd,2025-02-08,23:35:13,-08:00,2025-02-08T23:35:13-08:00,6,35
projects\projects.js,133,js,d1b8d0ad,hpucsd,2025-02-08,23:35:13,-08:00,2025-02-08T23:35:13-08:00,6,25
projects\projects.js,134,js,d1b8d0ad,hpucsd,2025-02-08,23:35:13,-08:00,2025-02-08T23:35:13-08:00,7,76
projects\projects.js,135,js,d1b8d0ad,hpucsd,2025-02-08,23:35:13,-08:00,2025-02-08T23:35:13-08:00,6,6
projects\projects.js,136,js,d1b8d0ad,hpucsd,2025-02-08,23:35:13,-08:00,2025-02-08T23:35:13-08:00,7,43
projects\projects.js,137,js,d1b8d0ad,hpucsd,2025-02-08,23:35:13,-08:00,2025-02-08T23:35:13-08:00,7,67
projects\projects.js,138,js,d1b8d0ad,hpucsd,2025-02-08,23:35:13,-08:00,2025-02-08T23:35:13-08:00,7,84
projects\projects.js,139,js,d1b8d0ad,hpucsd,2025-02-08,23:35:13,-08:00,2025-02-08T23:35:13-08:00,6,0
projects\projects.js,140,js,d1b8d0ad,hpucsd,2025-02-08,23:35:13,-08:00,2025-02-08T23:35:13-08:00,4,1
projects\projects.js,141,js,d1b8d0ad,hpucsd,2025-02-08,23:35:13,-08:00,2025-02-08T23:35:13-08:00,2,1
projects\projects.js,142,js,d1b8d0ad,hpucsd,2025-02-08,23:35:13,-08:00,2025-02-08T23:35:13-08:00,0,0
projects\projects.js,143,js,d1b8d0ad,hpucsd,2025-02-08,23:35:13,-08:00,2025-02-08T23:35:13-08:00,3,29
projects\projects.js,144,js,d1b8d0ad,hpucsd,2025-02-08,23:35:13,-08:00,2025-02-08T23:35:13-08:00,5,14
projects\projects.js,145,js,d1b8d0ad,hpucsd,2025-02-08,23:35:13,-08:00,2025-02-08T23:35:13-08:00,6,13
projects\projects.js,146,js,d1b8d0ad,hpucsd,2025-02-08,23:35:13,-08:00,2025-02-08T23:35:13-08:00,6,13
projects\projects.js,147,js,d1b8d0ad,hpucsd,2025-02-08,23:35:13,-08:00,2025-02-08T23:35:13-08:00,6,98
projects\projects.js,148,js,d1b8d0ad,hpucsd,2025-02-08,23:35:13,-08:00,2025-02-08T23:35:13-08:00,3,1
projects\projects.js,149,js,d1b8d0ad,hpucsd,2025-02-08,23:35:13,-08:00,2025-02-08T23:35:13-08:00,2,0
projects\projects.js,150,js,d1b8d0ad,hpucsd,2025-02-08,23:35:13,-08:00,2025-02-08T23:35:13-08:00,2,32
projects\projects.js,151,js,d1b8d0ad,hpucsd,2025-02-08,23:35:13,-08:00,2025-02-08T23:35:13-08:00,2,27
projects\projects.js,152,js,d1b8d0ad,hpucsd,2025-02-08,23:35:13,-08:00,2025-02-08T23:35:13-08:00,4,17
projects\projects.js,153,js,d1b8d0ad,hpucsd,2025-02-08,23:35:13,-08:00,2025-02-08T23:35:13-08:00,7,93
projects\projects.js,154,js,d1b8d0ad,hpucsd,2025-02-08,23:35:13,-08:00,2025-02-08T23:35:13-08:00,7,99
projects\projects.js,155,js,d1b8d0ad,hpucsd,2025-02-08,23:35:13,-08:00,2025-02-08T23:35:13-08:00,2,0
projects\projects.js,156,js,d1b8d0ad,hpucsd,2025-02-08,23:35:13,-08:00,2025-02-08T23:35:13-08:00,0,0
projects\projects.js,157,js,d1b8d0ad,hpucsd,2025-02-08,23:35:13,-08:00,2025-02-08T23:35:13-08:00,2,53
projects\projects.js,158,js,d1b8d0ad,hpucsd,2025-02-08,23:35:13,-08:00,2025-02-08T23:35:13-08:00,0,0
projects\projects.js,159,js,1cd471c1,hpucsd,2025-02-14,02:38:06,-08:00,2025-02-14T02:38:06-08:00,2,49
projects\projects.js,160,js,d1b8d0ad,hpucsd,2025-02-08,23:35:13,-08:00,2025-02-08T23:35:13-08:00,3,43
projects\projects.js,161,js,d1b8d0ad,hpucsd,2025-02-08,23:35:13,-08:00,2025-02-08T23:35:13-08:00,3,51
projects\projects.js,162,js,d1b8d0ad,hpucsd,2025-02-08,23:35:13,-08:00,2025-02-08T23:35:13-08:00,5,58
projects\projects.js,163,js,d1b8d0ad,hpucsd,2025-02-08,23:35:13,-08:00,2025-02-08T23:35:13-08:00,5,28
projects\projects.js,164,js,d1b8d0ad,hpucsd,2025-02-08,23:35:13,-08:00,2025-02-08T23:35:13-08:00,3,1
projects\projects.js,165,js,077d39f4,hpucsd,2025-02-08,23:12:25,-08:00,2025-02-08T23:12:25-08:00,1,0
projects\projects.js,166,js,d1b8d0ad,hpucsd,2025-02-08,23:35:13,-08:00,2025-02-08T23:35:13-08:00,3,21
projects\projects.js,167,js,d1b8d0ad,hpucsd,2025-02-08,23:35:13,-08:00,2025-02-08T23:35:13-08:00,3,56
projects\projects.js,168,js,d1b8d0ad,hpucsd,2025-02-08,23:35:13,-08:00,2025-02-08T23:35:13-08:00,1,0
projects\projects.js,169,js,d1b8d0ad,hpucsd,2025-02-08,23:35:13,-08:00,2025-02-08T23:35:13-08:00,3,21
projects\projects.js,170,js,d1b8d0ad,hpucsd,2025-02-08,23:35:13,-08:00,2025-02-08T23:35:13-08:00,3,31
projects\projects.js,171,js,9b4f37a9,hpucsd,2025-02-08,23:27:46,-08:00,2025-02-08T23:27:46-08:00,1,1
projects\projects.js,172,js,d1b8d0ad,hpucsd,2025-02-08,23:35:13,-08:00,2025-02-08T23:35:13-08:00,2,0
projects\projects.js,173,js,9b4f37a9,hpucsd,2025-02-08,23:27:46,-08:00,2025-02-08T23:27:46-08:00,0,0
projects\projects.js,174,js,9b4f37a9,hpucsd,2025-02-08,23:27:46,-08:00,2025-02-08T23:27:46-08:00,0,0
projects\projects.js,175,js,d1b8d0ad,hpucsd,2025-02-08,23:35:13,-08:00,2025-02-08T23:35:13-08:00,0,13
projects\projects.js,176,js,d1b8d0ad,hpucsd,2025-02-08,23:35:13,-08:00,2025-02-08T23:35:13-08:00,0,53
projects\projects.js,177,js,d1b8d0ad,hpucsd,2025-02-08,23:35:13,-08:00,2025-02-08T23:35:13-08:00,0,0
projects\projects.js,178,js,9b4f37a9,hpucsd,2025-02-08,23:27:46,-08:00,2025-02-08T23:27:46-08:00,0,48
projects\projects.js,179,js,d1b8d0ad,hpucsd,2025-02-08,23:35:13,-08:00,2025-02-08T23:35:13-08:00,2,39
projects\projects.js,180,js,d1b8d0ad,hpucsd,2025-02-08,23:35:13,-08:00,2025-02-08T23:35:13-08:00,1,0
projects\projects.js,181,js,d1b8d0ad,hpucsd,2025-02-08,23:35:13,-08:00,2025-02-08T23:35:13-08:00,2,42
projects\projects.js,182,js,d1b8d0ad,hpucsd,2025-02-08,23:35:13,-08:00,2025-02-08T23:35:13-08:00,2,51
projects\projects.js,183,js,d1b8d0ad,hpucsd,2025-02-08,23:35:13,-08:00,2025-02-08T23:35:13-08:00,3,59
projects\projects.js,184,js,d1b8d0ad,hpucsd,2025-02-08,23:35:13,-08:00,2025-02-08T23:35:13-08:00,3,28
projects\projects.js,185,js,d1b8d0ad,hpucsd,2025-02-08,23:35:13,-08:00,2025-02-08T23:35:13-08:00,2,1
projects\projects.js,186,js,d1b8d0ad,hpucsd,2025-02-08,23:35:13,-08:00,2025-02-08T23:35:13-08:00,1,0
projects\projects.js,187,js,d1b8d0ad,hpucsd,2025-02-08,23:35:13,-08:00,2025-02-08T23:35:13-08:00,2,30
projects\projects.js,188,js,d1b8d0ad,hpucsd,2025-02-08,23:35:13,-08:00,2025-02-08T23:35:13-08:00,2,56
projects\projects.js,189,js,d1b8d0ad,hpucsd,2025-02-08,23:35:13,-08:00,2025-02-08T23:35:13-08:00,2,0
projects\projects.js,190,js,d1b8d0ad,hpucsd,2025-02-08,23:35:13,-08:00,2025-02-08T23:35:13-08:00,2,47
projects\projects.js,191,js,d1b8d0ad,hpucsd,2025-02-08,23:35:13,-08:00,2025-02-08T23:35:13-08:00,2,31
projects\projects.js,192,js,d1b8d0ad,hpucsd,2025-02-08,23:35:13,-08:00,2025-02-08T23:35:13-08:00,0,1
projects\index.html,1,html,f02adf5e,hpucsd,2025-01-10,20:24:15,-08:00,2025-01-10T20:24:15-08:00,0,13
projects\index.html,2,html,f02adf5e,hpucsd,2025-01-10,20:24:15,-08:00,2025-01-10T20:24:15-08:00,0,14
projects\index.html,3,html,f02adf5e,hpucsd,2025-01-10,20:24:15,-08:00,2025-01-10T20:24:15-08:00,0,4
projects\index.html,4,html,f02adf5e,hpucsd,2025-01-10,20:24:15,-08:00,2025-01-10T20:24:15-08:00,2,20
projects\index.html,5,html,f02adf5e,hpucsd,2025-01-10,20:24:15,-08:00,2025-01-10T20:24:15-08:00,2,68
projects\index.html,6,html,832cce9c,hpucsd,2025-01-10,22:24:13,-08:00,2025-01-10T22:24:13-08:00,2,20
projects\index.html,7,html,1e026c96,hpucsd,2025-01-18,16:47:02,-08:00,2025-01-18T16:47:02-08:00,2,41
projects\index.html,8,html,da8e9067,hpucsd,2025-01-18,18:21:09,-08:00,2025-01-18T18:21:09-08:00,2,5
projects\index.html,9,html,eff8bfc1,hpucsd,2025-01-18,22:57:07,-08:00,2025-01-18T22:57:07-08:00,4,12
projects\index.html,10,html,da8e9067,hpucsd,2025-01-18,18:21:09,-08:00,2025-01-18T18:21:09-08:00,0,0
projects\index.html,11,html,da8e9067,hpucsd,2025-01-18,18:21:09,-08:00,2025-01-18T18:21:09-08:00,6,12
projects\index.html,12,html,da8e9067,hpucsd,2025-01-18,18:21:09,-08:00,2025-01-18T18:21:09-08:00,6,58
projects\index.html,13,html,03e79111,hpucsd,2025-01-18,22:52:00,-08:00,2025-01-18T22:52:00-08:00,6,34
projects\index.html,14,html,03e79111,hpucsd,2025-01-18,22:52:00,-08:00,2025-01-18T22:52:00-08:00,6,7
projects\index.html,15,html,da8e9067,hpucsd,2025-01-18,18:21:09,-08:00,2025-01-18T18:21:09-08:00,0,0
projects\index.html,16,html,eff8bfc1,hpucsd,2025-01-18,22:57:07,-08:00,2025-01-18T22:57:07-08:00,6,7
projects\index.html,17,html,0b210b1a,hpucsd,2025-01-18,22:35:00,-08:00,2025-01-18T22:35:00-08:00,0,0
projects\index.html,18,html,eff8bfc1,hpucsd,2025-01-18,22:57:07,-08:00,2025-01-18T22:57:07-08:00,8,15
projects\index.html,19,html,eff8bfc1,hpucsd,2025-01-18,22:57:07,-08:00,2025-01-18T22:57:07-08:00,8,7
projects\index.html,20,html,0b210b1a,hpucsd,2025-01-18,22:35:00,-08:00,2025-01-18T22:35:00-08:00,0,0
projects\index.html,21,html,eff8bfc1,hpucsd,2025-01-18,22:57:07,-08:00,2025-01-18T22:57:07-08:00,6,0
projects\index.html,22,html,0b210b1a,hpucsd,2025-01-18,22:35:00,-08:00,2025-01-18T22:35:00-08:00,4,0
projects\index.html,23,html,0b210b1a,hpucsd,2025-01-18,22:35:00,-08:00,2025-01-18T22:35:00-08:00,0,0
projects\index.html,24,html,0b210b1a,hpucsd,2025-01-18,22:35:00,-08:00,2025-01-18T22:35:00-08:00,4,22
projects\index.html,25,html,198a5e69,hpucsd,2025-01-18,23:06:49,-08:00,2025-01-18T23:06:49-08:00,6,15
projects\index.html,26,html,198a5e69,hpucsd,2025-01-18,23:06:49,-08:00,2025-01-18T23:06:49-08:00,6,17
projects\index.html,27,html,0b210b1a,hpucsd,2025-01-18,22:35:00,-08:00,2025-01-18T22:35:00-08:00,4,0
projects\index.html,28,html,0b210b1a,hpucsd,2025-01-18,22:35:00,-08:00,2025-01-18T22:35:00-08:00,0,0
projects\index.html,29,html,0b210b1a,hpucsd,2025-01-18,22:35:00,-08:00,2025-01-18T22:35:00-08:00,4,2
projects\index.html,30,html,198a5e69,hpucsd,2025-01-18,23:06:49,-08:00,2025-01-18T23:06:49-08:00,6,14
projects\index.html,31,html,0b210b1a,hpucsd,2025-01-18,22:35:00,-08:00,2025-01-18T22:35:00-08:00,4,0
projects\index.html,32,html,0b210b1a,hpucsd,2025-01-18,22:35:00,-08:00,2025-01-18T22:35:00-08:00,0,0
projects\index.html,33,html,0b210b1a,hpucsd,2025-01-18,22:35:00,-08:00,2025-01-18T22:35:00-08:00,4,2
projects\index.html,34,html,198a5e69,hpucsd,2025-01-18,23:06:49,-08:00,2025-01-18T23:06:49-08:00,6,14
projects\index.html,35,html,0b210b1a,hpucsd,2025-01-18,22:35:00,-08:00,2025-01-18T22:35:00-08:00,6,8
projects\index.html,36,html,0b210b1a,hpucsd,2025-01-18,22:35:00,-08:00,2025-01-18T22:35:00-08:00,4,0
projects\index.html,37,html,0b210b1a,hpucsd,2025-01-18,22:35:00,-08:00,2025-01-18T22:35:00-08:00,0,0
projects\index.html,38,html,96f7cdd2,hpucsd,2025-02-01,23:28:23,-08:00,2025-02-01T23:28:23-08:00,4,3
projects\index.html,39,html,96f7cdd2,hpucsd,2025-02-01,23:28:23,-08:00,2025-02-01T23:28:23-08:00,0,0
projects\index.html,40,html,96f7cdd2,hpucsd,2025-02-01,23:28:23,-08:00,2025-02-01T23:28:23-08:00,6,13
projects\index.html,41,html,96f7cdd2,hpucsd,2025-02-01,23:28:23,-08:00,2025-02-01T23:28:23-08:00,6,14
projects\index.html,42,html,96f7cdd2,hpucsd,2025-02-01,23:28:23,-08:00,2025-02-01T23:28:23-08:00,6,15
projects\index.html,43,html,96f7cdd2,hpucsd,2025-02-01,23:28:23,-08:00,2025-02-01T23:28:23-08:00,6,10
projects\index.html,44,html,96f7cdd2,hpucsd,2025-02-01,23:28:23,-08:00,2025-02-01T23:28:23-08:00,6,11
projects\index.html,45,html,96f7cdd2,hpucsd,2025-02-01,23:28:23,-08:00,2025-02-01T23:28:23-08:00,0,0
projects\index.html,46,html,96f7cdd2,hpucsd,2025-02-01,23:28:23,-08:00,2025-02-01T23:28:23-08:00,4,0
projects\index.html,47,html,96f7cdd2,hpucsd,2025-02-01,23:28:23,-08:00,2025-02-01T23:28:23-08:00,0,0
projects\index.html,48,html,d88d94c9,hpucsd,2025-02-07,22:22:14,-08:00,2025-02-07T22:22:14-08:00,4,18
projects\index.html,49,html,d88d94c9,hpucsd,2025-02-07,22:22:14,-08:00,2025-02-07T22:22:14-08:00,6,14
projects\index.html,50,html,d88d94c9,hpucsd,2025-02-07,22:22:14,-08:00,2025-02-07T22:22:14-08:00,6,16
projects\index.html,51,html,d88d94c9,hpucsd,2025-02-07,22:22:14,-08:00,2025-02-07T22:22:14-08:00,0,0
projects\index.html,52,html,d88d94c9,hpucsd,2025-02-07,22:22:14,-08:00,2025-02-07T22:22:14-08:00,6,16
projects\index.html,53,html,d88d94c9,hpucsd,2025-02-07,22:22:14,-08:00,2025-02-07T22:22:14-08:00,4,0
projects\index.html,54,html,da8e9067,hpucsd,2025-01-18,18:21:09,-08:00,2025-01-18T18:21:09-08:00,2,6
projects\index.html,55,html,dba5b811,hpucsd,2025-01-24,21:48:48,-08:00,2025-01-24T21:48:48-08:00,2,48
projects\index.html,56,html,79092c78,hpucsd,2025-01-31,18:19:45,-08:00,2025-01-31T18:19:45-08:00,2,47
projects\index.html,57,html,f02adf5e,hpucsd,2025-01-10,20:24:15,-08:00,2025-01-10T20:24:15-08:00,0,5
projects\index.html,58,html,da8e9067,hpucsd,2025-01-18,18:21:09,-08:00,2025-01-18T18:21:09-08:00,0,4
projects\index.html,59,html,f02adf5e,hpucsd,2025-01-10,20:24:15,-08:00,2025-01-10T20:24:15-08:00,0,0
projects\index.html,60,html,dd287420,hpucsd,2025-01-24,22:26:39,-08:00,2025-01-24T22:26:39-08:00,2,8
projects\index.html,61,html,1e026c96,hpucsd,2025-01-18,16:47:02,-08:00,2025-01-18T16:47:02-08:00,4,62
projects\index.html,62,html,1e026c96,hpucsd,2025-01-18,16:47:02,-08:00,2025-01-18T16:47:02-08:00,4,72
projects\index.html,63,html,fd3b30c5,hpucsd,2025-01-24,20:31:07,-08:00,2025-01-24T20:31:07-08:00,4,73
projects\index.html,64,html,1e026c96,hpucsd,2025-01-18,16:47:02,-08:00,2025-01-18T16:47:02-08:00,4,69
projects\index.html,65,html,1e026c96,hpucsd,2025-01-18,16:47:02,-08:00,2025-01-18T16:47:02-08:00,4,69
projects\index.html,66,html,dd287420,hpucsd,2025-01-24,22:26:39,-08:00,2025-01-24T22:26:39-08:00,2,8
projects\index.html,67,html,f02adf5e,hpucsd,2025-01-10,20:24:15,-08:00,2025-01-10T20:24:15-08:00,0,0
projects\index.html,68,html,79092c78,hpucsd,2025-01-31,18:19:45,-08:00,2025-01-31T18:19:45-08:00,2,38
projects\index.html,69,html,a4b4a05b,hpucsd,2025-02-07,23:01:52,-08:00,2025-02-07T23:01:52-08:00,2,21
projects\index.html,70,html,da8e9067,hpucsd,2025-01-18,18:21:09,-08:00,2025-01-18T18:21:09-08:00,0,0
projects\index.html,71,html,a4b4a05b,hpucsd,2025-02-07,23:01:52,-08:00,2025-02-07T23:01:52-08:00,4,52
projects\index.html,72,html,9d780416,hpucsd,2025-02-07,22:27:24,-08:00,2025-02-07T22:27:24-08:00,0,0
projects\index.html,73,html,a4b4a05b,hpucsd,2025-02-07,23:01:52,-08:00,2025-02-07T23:01:52-08:00,4,4
projects\index.html,74,html,a4b4a05b,hpucsd,2025-02-07,23:01:52,-08:00,2025-02-07T23:01:52-08:00,0,0
projects\index.html,75,html,a4b4a05b,hpucsd,2025-02-07,23:01:52,-08:00,2025-02-07T23:01:52-08:00,4,17
projects\index.html,76,html,a4b4a05b,hpucsd,2025-02-07,23:01:52,-08:00,2025-02-07T23:01:52-08:00,0,0
projects\index.html,77,html,a4b4a05b,hpucsd,2025-02-07,23:01:52,-08:00,2025-02-07T23:01:52-08:00,4,3
projects\index.html,78,html,7b15483d,hpucsd,2025-02-07,23:20:57,-08:00,2025-02-07T23:20:57-08:00,0,0
projects\index.html,79,html,7b15483d,hpucsd,2025-02-07,23:20:57,-08:00,2025-02-07T23:20:57-08:00,4,4
projects\index.html,80,html,7b15483d,hpucsd,2025-02-07,23:20:57,-08:00,2025-02-07T23:20:57-08:00,6,15
projects\index.html,81,html,7b15483d,hpucsd,2025-02-07,23:20:57,-08:00,2025-02-07T23:20:57-08:00,6,11
projects\index.html,82,html,7b15483d,hpucsd,2025-02-07,23:20:57,-08:00,2025-02-07T23:20:57-08:00,6,26
projects\index.html,83,html,7b15483d,hpucsd,2025-02-07,23:20:57,-08:00,2025-02-07T23:20:57-08:00,6,31
projects\index.html,84,html,7b15483d,hpucsd,2025-02-07,23:20:57,-08:00,2025-02-07T23:20:57-08:00,4,0
projects\index.html,85,html,a4b4a05b,hpucsd,2025-02-07,23:01:52,-08:00,2025-02-07T23:01:52-08:00,2,4
projects\index.html,86,html,d88d94c9,hpucsd,2025-02-07,22:22:14,-08:00,2025-02-07T22:22:14-08:00,0,0
projects\index.html,87,html,cc0f8e18,hpucsd,2025-01-18,21:53:27,-08:00,2025-01-18T21:53:27-08:00,2,20
projects\index.html,88,html,1a0f15bb,hpucsd,2025-01-31,18:59:04,-08:00,2025-01-31T18:59:04-08:00,4,0
projects\index.html,89,html,baf3a344,hpucsd,2025-01-31,19:21:27,-08:00,2025-01-31T19:21:27-08:00,4,34
projects\index.html,90,html,1a0f15bb,hpucsd,2025-01-31,18:59:04,-08:00,2025-01-31T18:59:04-08:00,4,70
projects\index.html,91,html,1a0f15bb,hpucsd,2025-01-31,18:59:04,-08:00,2025-01-31T18:59:04-08:00,4,224
projects\index.html,92,html,1a0f15bb,hpucsd,2025-01-31,18:59:04,-08:00,2025-01-31T18:59:04-08:00,2,0
projects\index.html,93,html,1a0f15bb,hpucsd,2025-01-31,18:59:04,-08:00,2025-01-31T18:59:04-08:00,2,0
projects\index.html,94,html,1a0f15bb,hpucsd,2025-01-31,18:59:04,-08:00,2025-01-31T18:59:04-08:00,4,37
projects\index.html,95,html,1a0f15bb,hpucsd,2025-01-31,18:59:04,-08:00,2025-01-31T18:59:04-08:00,4,70
projects\index.html,96,html,1a0f15bb,hpucsd,2025-01-31,18:59:04,-08:00,2025-01-31T18:59:04-08:00,4,237
projects\index.html,97,html,1a0f15bb,hpucsd,2025-01-31,18:59:04,-08:00,2025-01-31T18:59:04-08:00,2,0
projects\index.html,98,html,1a0f15bb,hpucsd,2025-01-31,18:59:04,-08:00,2025-01-31T18:59:04-08:00,2,0
projects\index.html,99,html,1a0f15bb,hpucsd,2025-01-31,18:59:04,-08:00,2025-01-31T18:59:04-08:00,4,37
projects\index.html,100,html,1a0f15bb,hpucsd,2025-01-31,18:59:04,-08:00,2025-01-31T18:59:04-08:00,4,70
projects\index.html,101,html,1a0f15bb,hpucsd,2025-01-31,18:59:04,-08:00,2025-01-31T18:59:04-08:00,4,271
projects\index.html,102,html,1a0f15bb,hpucsd,2025-01-31,18:59:04,-08:00,2025-01-31T18:59:04-08:00,2,0
projects\index.html,103,html,1a0f15bb,hpucsd,2025-01-31,18:59:04,-08:00,2025-01-31T18:59:04-08:00,2,0
projects\index.html,104,html,1a0f15bb,hpucsd,2025-01-31,18:59:04,-08:00,2025-01-31T18:59:04-08:00,4,28
projects\index.html,105,html,1a0f15bb,hpucsd,2025-01-31,18:59:04,-08:00,2025-01-31T18:59:04-08:00,4,70
projects\index.html,106,html,1a0f15bb,hpucsd,2025-01-31,18:59:04,-08:00,2025-01-31T18:59:04-08:00,4,264
projects\index.html,107,html,1a0f15bb,hpucsd,2025-01-31,18:59:04,-08:00,2025-01-31T18:59:04-08:00,2,0
projects\index.html,108,html,1a0f15bb,hpucsd,2025-01-31,18:59:04,-08:00,2025-01-31T18:59:04-08:00,2,0
projects\index.html,109,html,1a0f15bb,hpucsd,2025-01-31,18:59:04,-08:00,2025-01-31T18:59:04-08:00,4,30
projects\index.html,110,html,1a0f15bb,hpucsd,2025-01-31,18:59:04,-08:00,2025-01-31T18:59:04-08:00,4,70
projects\index.html,111,html,1a0f15bb,hpucsd,2025-01-31,18:59:04,-08:00,2025-01-31T18:59:04-08:00,4,215
projects\index.html,112,html,1a0f15bb,hpucsd,2025-01-31,18:59:04,-08:00,2025-01-31T18:59:04-08:00,2,0
projects\index.html,113,html,1a0f15bb,hpucsd,2025-01-31,18:59:04,-08:00,2025-01-31T18:59:04-08:00,2,0
projects\index.html,114,html,1a0f15bb,hpucsd,2025-01-31,18:59:04,-08:00,2025-01-31T18:59:04-08:00,4,43
projects\index.html,115,html,1a0f15bb,hpucsd,2025-01-31,18:59:04,-08:00,2025-01-31T18:59:04-08:00,4,70
projects\index.html,116,html,1a0f15bb,hpucsd,2025-01-31,18:59:04,-08:00,2025-01-31T18:59:04-08:00,4,230
projects\index.html,117,html,1a0f15bb,hpucsd,2025-01-31,18:59:04,-08:00,2025-01-31T18:59:04-08:00,2,0
projects\index.html,118,html,1a0f15bb,hpucsd,2025-01-31,18:59:04,-08:00,2025-01-31T18:59:04-08:00,2,0
projects\index.html,119,html,1a0f15bb,hpucsd,2025-01-31,18:59:04,-08:00,2025-01-31T18:59:04-08:00,4,32
projects\index.html,120,html,1a0f15bb,hpucsd,2025-01-31,18:59:04,-08:00,2025-01-31T18:59:04-08:00,4,70
projects\index.html,121,html,1a0f15bb,hpucsd,2025-01-31,18:59:04,-08:00,2025-01-31T18:59:04-08:00,4,210
projects\index.html,122,html,1a0f15bb,hpucsd,2025-01-31,18:59:04,-08:00,2025-01-31T18:59:04-08:00,2,0
projects\index.html,123,html,1a0f15bb,hpucsd,2025-01-31,18:59:04,-08:00,2025-01-31T18:59:04-08:00,2,0
projects\index.html,124,html,1a0f15bb,hpucsd,2025-01-31,18:59:04,-08:00,2025-01-31T18:59:04-08:00,4,41
projects\index.html,125,html,1a0f15bb,hpucsd,2025-01-31,18:59:04,-08:00,2025-01-31T18:59:04-08:00,4,70
projects\index.html,126,html,1a0f15bb,hpucsd,2025-01-31,18:59:04,-08:00,2025-01-31T18:59:04-08:00,4,222
projects\index.html,127,html,1a0f15bb,hpucsd,2025-01-31,18:59:04,-08:00,2025-01-31T18:59:04-08:00,2,0
projects\index.html,128,html,1a0f15bb,hpucsd,2025-01-31,18:59:04,-08:00,2025-01-31T18:59:04-08:00,2,0
projects\index.html,129,html,1a0f15bb,hpucsd,2025-01-31,18:59:04,-08:00,2025-01-31T18:59:04-08:00,4,38
projects\index.html,130,html,1a0f15bb,hpucsd,2025-01-31,18:59:04,-08:00,2025-01-31T18:59:04-08:00,4,70
projects\index.html,131,html,1a0f15bb,hpucsd,2025-01-31,18:59:04,-08:00,2025-01-31T18:59:04-08:00,4,235
projects\index.html,132,html,1a0f15bb,hpucsd,2025-01-31,18:59:04,-08:00,2025-01-31T18:59:04-08:00,2,0
projects\index.html,133,html,1a0f15bb,hpucsd,2025-01-31,18:59:04,-08:00,2025-01-31T18:59:04-08:00,2,0
projects\index.html,134,html,1a0f15bb,hpucsd,2025-01-31,18:59:04,-08:00,2025-01-31T18:59:04-08:00,4,55
projects\index.html,135,html,1a0f15bb,hpucsd,2025-01-31,18:59:04,-08:00,2025-01-31T18:59:04-08:00,4,70
projects\index.html,136,html,1a0f15bb,hpucsd,2025-01-31,18:59:04,-08:00,2025-01-31T18:59:04-08:00,4,222
projects\index.html,137,html,1a0f15bb,hpucsd,2025-01-31,18:59:04,-08:00,2025-01-31T18:59:04-08:00,2,0
projects\index.html,138,html,1a0f15bb,hpucsd,2025-01-31,18:59:04,-08:00,2025-01-31T18:59:04-08:00,2,0
projects\index.html,139,html,1a0f15bb,hpucsd,2025-01-31,18:59:04,-08:00,2025-01-31T18:59:04-08:00,4,28
projects\index.html,140,html,1a0f15bb,hpucsd,2025-01-31,18:59:04,-08:00,2025-01-31T18:59:04-08:00,4,70
projects\index.html,141,html,1a0f15bb,hpucsd,2025-01-31,18:59:04,-08:00,2025-01-31T18:59:04-08:00,4,215
projects\index.html,142,html,1a0f15bb,hpucsd,2025-01-31,18:59:04,-08:00,2025-01-31T18:59:04-08:00,2,0
projects\index.html,143,html,1a0f15bb,hpucsd,2025-01-31,18:59:04,-08:00,2025-01-31T18:59:04-08:00,2,0
projects\index.html,144,html,1a0f15bb,hpucsd,2025-01-31,18:59:04,-08:00,2025-01-31T18:59:04-08:00,4,34
projects\index.html,145,html,1a0f15bb,hpucsd,2025-01-31,18:59:04,-08:00,2025-01-31T18:59:04-08:00,4,70
projects\index.html,146,html,1a0f15bb,hpucsd,2025-01-31,18:59:04,-08:00,2025-01-31T18:59:04-08:00,4,254
projects\index.html,147,html,baf3a344,hpucsd,2025-01-31,19:21:27,-08:00,2025-01-31T19:21:27-08:00,2,1
projects\index.html,148,html,cc0f8e18,hpucsd,2025-01-18,21:53:27,-08:00,2025-01-18T21:53:27-08:00,2,4
projects\index.html,149,html,da8e9067,hpucsd,2025-01-18,18:21:09,-08:00,2025-01-18T18:21:09-08:00,0,0
projects\index.html,150,html,f02adf5e,hpucsd,2025-01-10,20:24:15,-08:00,2025-01-10T20:24:15-08:00,0,5
projects\index.html,151,html,f02adf5e,hpucsd,2025-01-10,20:24:15,-08:00,2025-01-10T20:24:15-08:00,0,5
meta\index.html,1,html,1cd471c1,hpucsd,2025-02-14,02:38:06,-08:00,2025-02-14T02:38:06-08:00,0,13
meta\index.html,2,html,1cd471c1,hpucsd,2025-02-14,02:38:06,-08:00,2025-02-14T02:38:06-08:00,0,14
meta\index.html,3,html,1cd471c1,hpucsd,2025-02-14,02:38:06,-08:00,2025-02-14T02:38:06-08:00,0,4
meta\index.html,4,html,1cd471c1,hpucsd,2025-02-14,02:38:06,-08:00,2025-02-14T02:38:06-08:00,2,20
meta\index.html,5,html,1cd471c1,hpucsd,2025-02-14,02:38:06,-08:00,2025-02-14T02:38:06-08:00,2,68
meta\index.html,6,html,1cd471c1,hpucsd,2025-02-14,02:38:06,-08:00,2025-02-14T02:38:06-08:00,2,17
meta\index.html,7,html,4c712eea,hpucsd,2025-02-14,02:51:26,-08:00,2025-02-14T02:51:26-08:00,2,48
meta\index.html,8,html,4c712eea,hpucsd,2025-02-14,02:51:26,-08:00,2025-02-14T02:51:26-08:00,2,41
meta\index.html,9,html,1cd471c1,hpucsd,2025-02-14,02:38:06,-08:00,2025-02-14T02:38:06-08:00,0,5
meta\index.html,10,html,1cd471c1,hpucsd,2025-02-14,02:38:06,-08:00,2025-02-14T02:38:06-08:00,0,4
meta\index.html,11,html,1cd471c1,hpucsd,2025-02-14,02:38:06,-08:00,2025-02-14T02:38:06-08:00,2,13
meta\index.html,12,html,1cd471c1,hpucsd,2025-02-14,02:38:06,-08:00,2025-02-14T02:38:06-08:00,0,0
meta\index.html,13,html,1cd471c1,hpucsd,2025-02-14,02:38:06,-08:00,2025-02-14T02:38:06-08:00,2,64
meta\index.html,14,html,1cd471c1,hpucsd,2025-02-14,02:38:06,-08:00,2025-02-14T02:38:06-08:00,0,5
meta\index.html,15,html,1cd471c1,hpucsd,2025-02-14,02:38:06,-08:00,2025-02-14T02:38:06-08:00,0,5
contact\index.html,1,html,f02adf5e,hpucsd,2025-01-10,20:24:15,-08:00,2025-01-10T20:24:15-08:00,0,13
contact\index.html,2,html,f02adf5e,hpucsd,2025-01-10,20:24:15,-08:00,2025-01-10T20:24:15-08:00,0,14
contact\index.html,3,html,f02adf5e,hpucsd,2025-01-10,20:24:15,-08:00,2025-01-10T20:24:15-08:00,0,4
contact\index.html,4,html,f02adf5e,hpucsd,2025-01-10,20:24:15,-08:00,2025-01-10T20:24:15-08:00,2,20
contact\index.html,5,html,f02adf5e,hpucsd,2025-01-10,20:24:15,-08:00,2025-01-10T20:24:15-08:00,2,68
contact\index.html,6,html,832cce9c,hpucsd,2025-01-10,22:24:13,-08:00,2025-01-10T22:24:13-08:00,2,20
contact\index.html,7,html,1e026c96,hpucsd,2025-01-18,16:47:02,-08:00,2025-01-18T16:47:02-08:00,2,41
contact\index.html,8,html,334d888f,hpucsd,2025-01-18,17:42:52,-08:00,2025-01-18T17:42:52-08:00,2,5
contact\index.html,9,html,ba2052b3,hpucsd,2025-01-18,17:58:32,-08:00,2025-01-18T17:58:32-08:00,4,4
contact\index.html,10,html,ba2052b3,hpucsd,2025-01-18,17:58:32,-08:00,2025-01-18T17:58:32-08:00,6,12
contact\index.html,11,html,ba2052b3,hpucsd,2025-01-18,17:58:32,-08:00,2025-01-18T17:58:32-08:00,6,30
contact\index.html,12,html,ba2052b3,hpucsd,2025-01-18,17:58:32,-08:00,2025-01-18T17:58:32-08:00,6,18
contact\index.html,13,html,ba2052b3,hpucsd,2025-01-18,17:58:32,-08:00,2025-01-18T17:58:32-08:00,6,7
contact\index.html,14,html,ba2052b3,hpucsd,2025-01-18,17:58:32,-08:00,2025-01-18T17:58:32-08:00,0,0
contact\index.html,15,html,ba2052b3,hpucsd,2025-01-18,17:58:32,-08:00,2025-01-18T17:58:32-08:00,6,5
contact\index.html,16,html,ba2052b3,hpucsd,2025-01-18,17:58:32,-08:00,2025-01-18T17:58:32-08:00,0,0
contact\index.html,17,html,ba2052b3,hpucsd,2025-01-18,17:58:32,-08:00,2025-01-18T17:58:32-08:00,8,16
contact\index.html,18,html,ba2052b3,hpucsd,2025-01-18,17:58:32,-08:00,2025-01-18T17:58:32-08:00,0,0
contact\index.html,19,html,ba2052b3,hpucsd,2025-01-18,17:58:32,-08:00,2025-01-18T17:58:32-08:00,6,0
contact\index.html,20,html,2eec0ed7,hpucsd,2025-01-18,23:29:26,-08:00,2025-01-18T23:29:26-08:00,0,0
contact\index.html,21,html,334d888f,hpucsd,2025-01-18,17:42:52,-08:00,2025-01-18T17:42:52-08:00,4,0
contact\index.html,22,html,334d888f,hpucsd,2025-01-18,17:42:52,-08:00,2025-01-18T17:42:52-08:00,2,6
contact\index.html,23,html,dba5b811,hpucsd,2025-01-24,21:48:48,-08:00,2025-01-24T21:48:48-08:00,2,48
contact\index.html,24,html,f02adf5e,hpucsd,2025-01-10,20:24:15,-08:00,2025-01-10T20:24:15-08:00,0,5
contact\index.html,25,html,f02adf5e,hpucsd,2025-01-10,20:24:15,-08:00,2025-01-10T20:24:15-08:00,0,4
contact\index.html,26,html,f02adf5e,hpucsd,2025-01-10,20:24:15,-08:00,2025-01-10T20:24:15-08:00,0,0
contact\index.html,27,html,dd287420,hpucsd,2025-01-24,22:26:39,-08:00,2025-01-24T22:26:39-08:00,2,8
contact\index.html,28,html,1e026c96,hpucsd,2025-01-18,16:47:02,-08:00,2025-01-18T16:47:02-08:00,4,62
contact\index.html,29,html,fd3b30c5,hpucsd,2025-01-24,20:31:07,-08:00,2025-01-24T20:31:07-08:00,4,72
contact\index.html,30,html,1e026c96,hpucsd,2025-01-18,16:47:02,-08:00,2025-01-18T16:47:02-08:00,4,73
contact\index.html,31,html,1e026c96,hpucsd,2025-01-18,16:47:02,-08:00,2025-01-18T16:47:02-08:00,4,69
contact\index.html,32,html,1e026c96,hpucsd,2025-01-18,16:47:02,-08:00,2025-01-18T16:47:02-08:00,4,69
contact\index.html,33,html,dd287420,hpucsd,2025-01-24,22:26:39,-08:00,2025-01-24T22:26:39-08:00,2,8
contact\index.html,34,html,f02adf5e,hpucsd,2025-01-10,20:24:15,-08:00,2025-01-10T20:24:15-08:00,0,0
contact\index.html,35,html,ba2052b3,hpucsd,2025-01-18,17:58:32,-08:00,2025-01-18T17:58:32-08:00,2,14
contact\index.html,36,html,ba2052b3,hpucsd,2025-01-18,17:58:32,-08:00,2025-01-18T17:58:32-08:00,0,0
contact\index.html,37,html,f02adf5e,hpucsd,2025-01-10,20:24:15,-08:00,2025-01-10T20:24:15-08:00,2,80
contact\index.html,38,html,f02adf5e,hpucsd,2025-01-10,20:24:15,-08:00,2025-01-10T20:24:15-08:00,0,0
contact\index.html,39,html,2eec0ed7,hpucsd,2025-01-18,23:29:26,-08:00,2025-01-18T23:29:26-08:00,4,19
contact\index.html,40,html,f02adf5e,hpucsd,2025-01-10,20:24:15,-08:00,2025-01-10T20:24:15-08:00,4,39
contact\index.html,41,html,2eec0ed7,hpucsd,2025-01-18,23:29:26,-08:00,2025-01-18T23:29:26-08:00,4,21
contact\index.html,42,html,f02adf5e,hpucsd,2025-01-10,20:24:15,-08:00,2025-01-10T20:24:15-08:00,4,40
contact\index.html,43,html,2eec0ed7,hpucsd,2025-01-18,23:29:26,-08:00,2025-01-18T23:29:26-08:00,4,18
contact\index.html,44,html,f02adf5e,hpucsd,2025-01-10,20:24:15,-08:00,2025-01-10T20:24:15-08:00,4,31
contact\index.html,45,html,da8e9067,hpucsd,2025-01-18,18:21:09,-08:00,2025-01-18T18:21:09-08:00,4,21
contact\index.html,46,html,f02adf5e,hpucsd,2025-01-10,20:24:15,-08:00,2025-01-10T20:24:15-08:00,0,0
contact\index.html,47,html,f02adf5e,hpucsd,2025-01-10,20:24:15,-08:00,2025-01-10T20:24:15-08:00,2,5
contact\index.html,48,html,f02adf5e,hpucsd,2025-01-10,20:24:15,-08:00,2025-01-10T20:24:15-08:00,0,5
contact\index.html,49,html,f02adf5e,hpucsd,2025-01-10,20:24:15,-08:00,2025-01-10T20:24:15-08:00,0,5
